"email","name","source","subscribed_at","consent_version"
"u0@example.test","'=HYPERLINK(""https://invalid"")","","2026-10-01T10:00:00Z",""
"u1@example.test","Ærlig, ""hund""
Østgård","","2026-10-01T10:00:00Z",""
"u2@example.test","Ærlig, ""hund""
Østgård","","2026-10-01T10:00:00Z",""
"u3@example.test","Ærlig, ""hund""
Østgård","","2026-10-01T10:00:00Z",""
"u4@example.test","Ærlig, ""hund""
Østgård","","2026-10-01T10:00:00Z",""
"u5@example.test","Ærlig, ""hund""
Østgård","","2026-10-01T10:00:00Z",""
"u6@example.test","Ærlig, ""hund""
Østgård","","2026-10-01T10:00:00Z",""
"u7@example.test","Ærlig, ""hund""
Østgård","","2026-10-01T10:00:00Z",""
"u8@example.test","Ærlig, ""hund""
Østgård","","2026-10-01T10:00:00Z",""
"u9@example.test","Ærlig, ""hund""
Østgård","","2026-10-01T10:00:00Z",""
"u10@example.test","Ærlig, ""hund""
Østgård","","2026-10-01T10:00:00Z",""
"u11@example.test","Ærlig, ""hund""
Østgård","","2026-10-01T10:00:00Z",""
"u12@example.test","Ærlig, ""hund""
Østgård","","2026-10-01T10:00:00Z",""
"u13@example.test","Ærlig, ""hund""
Østgård","","2026-10-01T10:00:00Z",""
"u14@example.test","Ærlig, ""hund""
Østgård","","2026-10-01T10:00:00Z",""
"u15@example.test","Ærlig, ""hund""
Østgård","","2026-10-01T10:00:00Z",""
"u16@example.test","Ærlig, ""hund""
Østgård","","2026-10-01T10:00:00Z",""
"u17@example.test","Ærlig, ""hund""
Østgård","","2026-10-01T10:00:00Z",""
"u18@example.test","Ærlig, ""hund""
Østgård","","2026-10-01T10:00:00Z",""
"u19@example.test","Ærlig, ""hund""
Østgård","","2026-10-01T10:00:00Z",""
"u20@example.test","Ærlig, ""hund""
Østgård","","2026-10-01T10:00:00Z",""
"u21@example.test","Ærlig, ""hund""
Østgård","","2026-10-01T10:00:00Z",""
"u22@example.test","Ærlig, ""hund""
Østgård","","2026-10-01T10:00:00Z",""
"u23@example.test","Ærlig, ""hund""
Østgård","","2026-10-01T10:00:00Z",""
"u24@example.test","Ærlig, ""hund""
Østgård","","2026-10-01T10:00:00Z",""
"u25@example.test","Ærlig, ""hund""
Østgård","","2026-10-01T10:00:00Z",""
"u26@example.test","Ærlig, ""hund""
Østgård","","2026-10-01T10:00:00Z",""
"u27@example.test","Ærlig, ""hund""
Østgård","","2026-10-01T10:00:00Z",""
"u28@example.test","Ærlig, ""hund""
Østgård","","2026-10-01T10:00:00Z",""
"u29@example.test","Ærlig, ""hund""
Østgård","","2026-10-01T10:00:00Z",""
"u30@example.test","Ærlig, ""hund""
Østgård","","2026-10-01T10:00:00Z",""
"u31@example.test","Ærlig, ""hund""
Østgård","","2026-10-01T10:00:00Z",""
"u32@example.test","Ærlig, ""hund""
Østgård","","2026-10-01T10:00:00Z",""
"u33@example.test","Ærlig, ""hund""
Østgård","","2026-10-01T10:00:00Z",""
"u34@example.test","Ærlig, ""hund""
Østgård","","2026-10-01T10:00:00Z",""
"u35@example.test","Ærlig, ""hund""
Østgård","","2026-10-01T10:00:00Z",""
"u36@example.test","Ærlig, ""hund""
Østgård","","2026-10-01T10:00:00Z",""
"u37@example.test","Ærlig, ""hund""
Østgård","","2026-10-01T10:00:00Z",""
"u38@example.test","Ærlig, ""hund""
Østgård","","2026-10-01T10:00:00Z",""
"u39@example.test","Ærlig, ""hund""
Østgård","","2026-10-01T10:00:00Z",""
"u40@example.test","Ærlig, ""hund""
Østgård","","2026-10-01T10:00:00Z",""
"u41@example.test","Ærlig, ""hund""
Østgård","","2026-10-01T10:00:00Z",""
"u42@example.test","Ærlig, ""hund""
Østgård","","2026-10-01T10:00:00Z",""
"u43@example.test","Ærlig, ""hund""
Østgård","","2026-10-01T10:00:00Z",""
"u44@example.test","Ærlig, ""hund""
Østgård","","2026-10-01T10:00:00Z",""
"u45@example.test","Ærlig, ""hund""
Østgård","","2026-10-01T10:00:00Z",""
"u46@example.test","Ærlig, ""hund""
Østgård","","2026-10-01T10:00:00Z",""
"u47@example.test","Ærlig, ""hund""
Østgård","","2026-10-01T10:00:00Z",""
"u48@example.test","Ærlig, ""hund""
Østgård","","2026-10-01T10:00:00Z",""
"u49@example.test","Ærlig, ""hund""
Østgård","","2026-10-01T10:00:00Z",""
"u50@example.test","Ærlig, ""hund""
Østgård","","2026-10-01T10:00:00Z",""
"u51@example.test","Ærlig, ""hund""
Østgård","","2026-10-01T10:00:00Z",""
"u52@example.test","Ærlig, ""hund""
Østgård","","2026-10-01T10:00:00Z",""
"u53@example.test","Ærlig, ""hund""
Østgård","","2026-10-01T10:00:00Z",""
"u54@example.test","Ærlig, ""hund""
Østgård","","2026-10-01T10:00:00Z",""
"u55@example.test","Ærlig, ""hund""
Østgård","","2026-10-01T10:00:00Z",""
"u56@example.test","Ærlig, ""hund""
Østgård","","2026-10-01T10:00:00Z",""
"u57@example.test","Ærlig, ""hund""
Østgård","","2026-10-01T10:00:00Z",""
"u58@example.test","Ærlig, ""hund""
Østgård","","2026-10-01T10:00:00Z",""
"u59@example.test","Ærlig, ""hund""
Østgård","","2026-10-01T10:00:00Z",""
"u60@example.test","Ærlig, ""hund""
Østgård","","2026-10-01T10:00:00Z",""
"u61@example.test","Ærlig, ""hund""
Østgård","","2026-10-01T10:00:00Z",""
"u62@example.test","Ærlig, ""hund""
Østgård","","2026-10-01T10:00:00Z",""
"u63@example.test","Ærlig, ""hund""
Østgård","","2026-10-01T10:00:00Z",""
"u64@example.test","Ærlig, ""hund""
Østgård","","2026-10-01T10:00:00Z",""
"u65@example.test","Ærlig, ""hund""
Østgård","","2026-10-01T10:00:00Z",""
"u66@example.test","Ærlig, ""hund""
Østgård","","2026-10-01T10:00:00Z",""
"u67@example.test","Ærlig, ""hund""
Østgård","","2026-10-01T10:00:00Z",""
"u68@example.test","Ærlig, ""hund""
Østgård","","2026-10-01T10:00:00Z",""
"u69@example.test","Ærlig, ""hund""
Østgård","","2026-10-01T10:00:00Z",""
"u70@example.test","Ærlig, ""hund""
Østgård","","2026-10-01T10:00:00Z",""
"u71@example.test","Ærlig, ""hund""
Østgård","","2026-10-01T10:00:00Z",""
"u72@example.test","Ærlig, ""hund""
Østgård","","2026-10-01T10:00:00Z",""
"u73@example.test","Ærlig, ""hund""
Østgård","","2026-10-01T10:00:00Z",""
"u74@example.test","Ærlig, ""hund""
Østgård","","2026-10-01T10:00:00Z",""
"u75@example.test","Ærlig, ""hund""
Østgård","","2026-10-01T10:00:00Z",""
"u76@example.test","Ærlig, ""hund""
Østgård","","2026-10-01T10:00:00Z",""
"u77@example.test","Ærlig, ""hund""
Østgård","","2026-10-01T10:00:00Z",""
"u78@example.test","Ærlig, ""hund""
Østgård","","2026-10-01T10:00:00Z",""
"u79@example.test","Ærlig, ""hund""
Østgård","","2026-10-01T10:00:00Z",""
"u80@example.test","Ærlig, ""hund""
Østgård","","2026-10-01T10:00:00Z",""
"u81@example.test","Ærlig, ""hund""
Østgård","","2026-10-01T10:00:00Z",""
"u82@example.test","Ærlig, ""hund""
Østgård","","2026-10-01T10:00:00Z",""
"u83@example.test","Ærlig, ""hund""
Østgård","","2026-10-01T10:00:00Z",""
"u84@example.test","Ærlig, ""hund""
Østgård","","2026-10-01T10:00:00Z",""
"u85@example.test","Ærlig, ""hund""
Østgård","","2026-10-01T10:00:00Z",""
"u86@example.test","Ærlig, ""hund""
Østgård","","2026-10-01T10:00:00Z",""
"u87@example.test","Ærlig, ""hund""
Østgård","","2026-10-01T10:00:00Z",""
"u88@example.test","Ærlig, ""hund""
Østgård","","2026-10-01T10:00:00Z",""
"u89@example.test","Ærlig, ""hund""
Østgård","","2026-10-01T10:00:00Z",""
"u90@example.test","Ærlig, ""hund""
Østgård","","2026-10-01T10:00:00Z",""
"u91@example.test","Ærlig, ""hund""
Østgård","","2026-10-01T10:00:00Z",""
"u92@example.test","Ærlig, ""hund""
Østgård","","2026-10-01T10:00:00Z",""
"u93@example.test","Ærlig, ""hund""
Østgård","","2026-10-01T10:00:00Z",""
"u94@example.test","Ærlig, ""hund""
Østgård","","2026-10-01T10:00:00Z",""
"u95@example.test","Ærlig, ""hund""
Østgård","","2026-10-01T10:00:00Z",""
"u96@example.test","Ærlig, ""hund""
Østgård","","2026-10-01T10:00:00Z",""
"u97@example.test","Ærlig, ""hund""
Østgård","","2026-10-01T10:00:00Z",""
"u98@example.test","Ærlig, ""hund""
Østgård","","2026-10-01T10:00:00Z",""
"u99@example.test","Ærlig, ""hund""
Østgård","","2026-10-01T10:00:00Z",""
"u100@example.test","Ærlig, ""hund""
Østgård","","2026-10-01T10:00:00Z",""
"u101@example.test","Ærlig, ""hund""
Østgård","","2026-10-01T10:00:00Z",""
"u102@example.test","Ærlig, ""hund""
Østgård","","2026-10-01T10:00:00Z",""
"u103@example.test","Ærlig, ""hund""
Østgård","","2026-10-01T10:00:00Z",""
"u104@example.test","Ærlig, ""hund""
Østgård","","2026-10-01T10:00:00Z",""
"u105@example.test","Ærlig, ""hund""
Østgård","","2026-10-01T10:00:00Z",""
"u106@example.test","Ærlig, ""hund""
Østgård","","2026-10-01T10:00:00Z",""
"u107@example.test","Ærlig, ""hund""
Østgård","","2026-10-01T10:00:00Z",""
"u108@example.test","Ærlig, ""hund""
Østgård","","2026-10-01T10:00:00Z",""
"u109@example.test","Ærlig, ""hund""
Østgård","","2026-10-01T10:00:00Z",""
"u110@example.test","Ærlig, ""hund""
Østgård","","2026-10-01T10:00:00Z",""
"u111@example.test","Ærlig, ""hund""
Østgård","","2026-10-01T10:00:00Z",""
"u112@example.test","Ærlig, ""hund""
Østgård","","2026-10-01T10:00:00Z",""
"u113@example.test","Ærlig, ""hund""
Østgård","","2026-10-01T10:00:00Z",""
"u114@example.test","Ærlig, ""hund""
Østgård","","2026-10-01T10:00:00Z",""
"u115@example.test","Ærlig, ""hund""
Østgård","","2026-10-01T10:00:00Z",""
"u116@example.test","Ærlig, ""hund""
Østgård","","2026-10-01T10:00:00Z",""
"u117@example.test","Ærlig, ""hund""
Østgård","","2026-10-01T10:00:00Z",""
"u118@example.test","Ærlig, ""hund""
Østgård","","2026-10-01T10:00:00Z",""
"u119@example.test","Ærlig, ""hund""
Østgård","","2026-10-01T10:00:00Z",""
"u120@example.test","Ærlig, ""hund""
Østgård","","2026-10-01T10:00:00Z",""
"u121@example.test","Ærlig, ""hund""
Østgård","","2026-10-01T10:00:00Z",""
"u122@example.test","Ærlig, ""hund""
Østgård","","2026-10-01T10:00:00Z",""
"u123@example.test","Ærlig, ""hund""
Østgård","","2026-10-01T10:00:00Z",""
"u124@example.test","Ærlig, ""hund""
Østgård","","2026-10-01T10:00:00Z",""
"u125@example.test","Ærlig, ""hund""
Østgård","","2026-10-01T10:00:00Z",""
"u126@example.test","Ærlig, ""hund""
Østgård","","2026-10-01T10:00:00Z",""
"u127@example.test","Ærlig, ""hund""
Østgård","","2026-10-01T10:00:00Z",""
"u128@example.test","Ærlig, ""hund""
Østgård","","2026-10-01T10:00:00Z",""
"u129@example.test","Ærlig, ""hund""
Østgård","","2026-10-01T10:00:00Z",""
"u130@example.test","Ærlig, ""hund""
Østgård","","2026-10-01T10:00:00Z",""
"u131@example.test","Ærlig, ""hund""
Østgård","","2026-10-01T10:00:00Z",""
"u132@example.test","Ærlig, ""hund""
Østgård","","2026-10-01T10:00:00Z",""
"u133@example.test","Ærlig, ""hund""
Østgård","","2026-10-01T10:00:00Z",""
"u134@example.test","Ærlig, ""hund""
Østgård","","2026-10-01T10:00:00Z",""
"u135@example.test","Ærlig, ""hund""
Østgård","","2026-10-01T10:00:00Z",""
"u136@example.test","Ærlig, ""hund""
Østgård","","2026-10-01T10:00:00Z",""
"u137@example.test","Ærlig, ""hund""
Østgård","","2026-10-01T10:00:00Z",""
"u138@example.test","Ærlig, ""hund""
Østgård","","2026-10-01T10:00:00Z",""
"u139@example.test","Ærlig, ""hund""
Østgård","","2026-10-01T10:00:00Z",""
"u140@example.test","Ærlig, ""hund""
Østgård","","2026-10-01T10:00:00Z",""
"u141@example.test","Ærlig, ""hund""
Østgård","","2026-10-01T10:00:00Z",""
"u142@example.test","Ærlig, ""hund""
Østgård","","2026-10-01T10:00:00Z",""
"u143@example.test","Ærlig, ""hund""
Østgård","","2026-10-01T10:00:00Z",""
"u144@example.test","Ærlig, ""hund""
Østgård","","2026-10-01T10:00:00Z",""
"u145@example.test","Ærlig, ""hund""
Østgård","","2026-10-01T10:00:00Z",""
"u146@example.test","Ærlig, ""hund""
Østgård","","2026-10-01T10:00:00Z",""
"u147@example.test","Ærlig, ""hund""
Østgård","","2026-10-01T10:00:00Z",""
"u148@example.test","Ærlig, ""hund""
Østgård","","2026-10-01T10:00:00Z",""
"u149@example.test","Ærlig, ""hund""
Østgård","","2026-10-01T10:00:00Z",""
"u150@example.test","Ærlig, ""hund""
Østgård","","2026-10-01T10:00:00Z",""
"u151@example.test","Ærlig, ""hund""
Østgård","","2026-10-01T10:00:00Z",""
"u152@example.test","Ærlig, ""hund""
Østgård","","2026-10-01T10:00:00Z",""
"u153@example.test","Ærlig, ""hund""
Østgård","","2026-10-01T10:00:00Z",""
"u154@example.test","Ærlig, ""hund""
Østgård","","2026-10-01T10:00:00Z",""
"u155@example.test","Ærlig, ""hund""
Østgård","","2026-10-01T10:00:00Z",""
"u156@example.test","Ærlig, ""hund""
Østgård","","2026-10-01T10:00:00Z",""
"u157@example.test","Ærlig, ""hund""
Østgård","","2026-10-01T10:00:00Z",""
"u158@example.test","Ærlig, ""hund""
Østgård","","2026-10-01T10:00:00Z",""
"u159@example.test","Ærlig, ""hund""
Østgård","","2026-10-01T10:00:00Z",""
"u160@example.test","Ærlig, ""hund""
Østgård","","2026-10-01T10:00:00Z",""
"u161@example.test","Ærlig, ""hund""
Østgård","","2026-10-01T10:00:00Z",""
"u162@example.test","Ærlig, ""hund""
Østgård","","2026-10-01T10:00:00Z",""
"u163@example.test","Ærlig, ""hund""
Østgård","","2026-10-01T10:00:00Z",""
"u164@example.test","Ærlig, ""hund""
Østgård","","2026-10-01T10:00:00Z",""
"u165@example.test","Ærlig, ""hund""
Østgård","","2026-10-01T10:00:00Z",""
"u166@example.test","Ærlig, ""hund""
Østgård","","2026-10-01T10:00:00Z",""
"u167@example.test","Ærlig, ""hund""
Østgård","","2026-10-01T10:00:00Z",""
"u168@example.test","Ærlig, ""hund""
Østgård","","2026-10-01T10:00:00Z",""
"u169@example.test","Ærlig, ""hund""
Østgård","","2026-10-01T10:00:00Z",""
"u170@example.test","Ærlig, ""hund""
Østgård","","2026-10-01T10:00:00Z",""
"u171@example.test","Ærlig, ""hund""
Østgård","","2026-10-01T10:00:00Z",""
"u172@example.test","Ærlig, ""hund""
Østgård","","2026-10-01T10:00:00Z",""
"u173@example.test","Ærlig, ""hund""
Østgård","","2026-10-01T10:00:00Z",""
"u174@example.test","Ærlig, ""hund""
Østgård","","2026-10-01T10:00:00Z",""
"u175@example.test","Ærlig, ""hund""
Østgård","","2026-10-01T10:00:00Z",""
"u176@example.test","Ærlig, ""hund""
Østgård","","2026-10-01T10:00:00Z",""
"u177@example.test","Ærlig, ""hund""
Østgård","","2026-10-01T10:00:00Z",""
"u178@example.test","Ærlig, ""hund""
Østgård","","2026-10-01T10:00:00Z",""
"u179@example.test","Ærlig, ""hund""
Østgård","","2026-10-01T10:00:00Z",""
"u180@example.test","Ærlig, ""hund""
Østgård","","2026-10-01T10:00:00Z",""
"u181@example.test","Ærlig, ""hund""
Østgård","","2026-10-01T10:00:00Z",""
"u182@example.test","Ærlig, ""hund""
Østgård","","2026-10-01T10:00:00Z",""
"u183@example.test","Ærlig, ""hund""
Østgård","","2026-10-01T10:00:00Z",""
"u184@example.test","Ærlig, ""hund""
Østgård","","2026-10-01T10:00:00Z",""
"u185@example.test","Ærlig, ""hund""
Østgård","","2026-10-01T10:00:00Z",""
"u186@example.test","Ærlig, ""hund""
Østgård","","2026-10-01T10:00:00Z",""
"u187@example.test","Ærlig, ""hund""
Østgård","","2026-10-01T10:00:00Z",""
"u188@example.test","Ærlig, ""hund""
Østgård","","2026-10-01T10:00:00Z",""
"u189@example.test","Ærlig, ""hund""
Østgård","","2026-10-01T10:00:00Z",""
"u190@example.test","Ærlig, ""hund""
Østgård","","2026-10-01T10:00:00Z",""
"u191@example.test","Ærlig, ""hund""
Østgård","","2026-10-01T10:00:00Z",""
"u192@example.test","Ærlig, ""hund""
Østgård","","2026-10-01T10:00:00Z",""
"u193@example.test","Ærlig, ""hund""
Østgård","","2026-10-01T10:00:00Z",""
"u194@example.test","Ærlig, ""hund""
Østgård","","2026-10-01T10:00:00Z",""
"u195@example.test","Ærlig, ""hund""
Østgård","","2026-10-01T10:00:00Z",""
"u196@example.test","Ærlig, ""hund""
Østgård","","2026-10-01T10:00:00Z",""
"u197@example.test","Ærlig, ""hund""
Østgård","","2026-10-01T10:00:00Z",""
"u198@example.test","Ærlig, ""hund""
Østgård","","2026-10-01T10:00:00Z",""
"u199@example.test","Ærlig, ""hund""
Østgård","","2026-10-01T10:00:00Z",""
"u200@example.test","Ærlig, ""hund""
Østgård","","2026-10-01T10:00:00Z",""
"u201@example.test","Ærlig, ""hund""
Østgård","","2026-10-01T10:00:00Z",""
"u202@example.test","Ærlig, ""hund""
Østgård","","2026-10-01T10:00:00Z",""
"u203@example.test","Ærlig, ""hund""
Østgård","","2026-10-01T10:00:00Z",""
"u204@example.test","Ærlig, ""hund""
Østgård","","2026-10-01T10:00:00Z",""
"u205@example.test","Ærlig, ""hund""
Østgård","","2026-10-01T10:00:00Z",""
"u206@example.test","Ærlig, ""hund""
Østgård","","2026-10-01T10:00:00Z",""
"u207@example.test","Ærlig, ""hund""
Østgård","","2026-10-01T10:00:00Z",""
"u208@example.test","Ærlig, ""hund""
Østgård","","2026-10-01T10:00:00Z",""
"u209@example.test","Ærlig, ""hund""
Østgård","","2026-10-01T10:00:00Z",""
"u210@example.test","Ærlig, ""hund""
Østgård","","2026-10-01T10:00:00Z",""
"u211@example.test","Ærlig, ""hund""
Østgård","","2026-10-01T10:00:00Z",""
"u212@example.test","Ærlig, ""hund""
Østgård","","2026-10-01T10:00:00Z",""
"u213@example.test","Ærlig, ""hund""
Østgård","","2026-10-01T10:00:00Z",""
"u214@example.test","Ærlig, ""hund""
Østgård","","2026-10-01T10:00:00Z",""
"u215@example.test","Ærlig, ""hund""
Østgård","","2026-10-01T10:00:00Z",""
"u216@example.test","Ærlig, ""hund""
Østgård","","2026-10-01T10:00:00Z",""
"u217@example.test","Ærlig, ""hund""
Østgård","","2026-10-01T10:00:00Z",""
"u218@example.test","Ærlig, ""hund""
Østgård","","2026-10-01T10:00:00Z",""
"u219@example.test","Ærlig, ""hund""
Østgård","","2026-10-01T10:00:00Z",""
"u220@example.test","Ærlig, ""hund""
Østgård","","2026-10-01T10:00:00Z",""
"u221@example.test","Ærlig, ""hund""
Østgård","","2026-10-01T10:00:00Z",""
"u222@example.test","Ærlig, ""hund""
Østgård","","2026-10-01T10:00:00Z",""
"u223@example.test","Ærlig, ""hund""
Østgård","","2026-10-01T10:00:00Z",""
"u224@example.test","Ærlig, ""hund""
Østgård","","2026-10-01T10:00:00Z",""
"u225@example.test","Ærlig, ""hund""
Østgård","","2026-10-01T10:00:00Z",""
"u226@example.test","Ærlig, ""hund""
Østgård","","2026-10-01T10:00:00Z",""
"u227@example.test","Ærlig, ""hund""
Østgård","","2026-10-01T10:00:00Z",""
"u228@example.test","Ærlig, ""hund""
Østgård","","2026-10-01T10:00:00Z",""
"u229@example.test","Ærlig, ""hund""
Østgård","","2026-10-01T10:00:00Z",""
"u230@example.test","Ærlig, ""hund""
Østgård","","2026-10-01T10:00:00Z",""
"u231@example.test","Ærlig, ""hund""
Østgård","","2026-10-01T10:00:00Z",""
"u232@example.test","Ærlig, ""hund""
Østgård","","2026-10-01T10:00:00Z",""
"u233@example.test","Ærlig, ""hund""
Østgård","","2026-10-01T10:00:00Z",""
"u234@example.test","Ærlig, ""hund""
Østgård","","2026-10-01T10:00:00Z",""
"u235@example.test","Ærlig, ""hund""
Østgård","","2026-10-01T10:00:00Z",""
"u236@example.test","Ærlig, ""hund""
Østgård","","2026-10-01T10:00:00Z",""
"u237@example.test","Ærlig, ""hund""
Østgård","","2026-10-01T10:00:00Z",""
"u238@example.test","Ærlig, ""hund""
Østgård","","2026-10-01T10:00:00Z",""
"u239@example.test","Ærlig, ""hund""
Østgård","","2026-10-01T10:00:00Z",""
"u240@example.test","Ærlig, ""hund""
Østgård","","2026-10-01T10:00:00Z",""
"u241@example.test","Ærlig, ""hund""
Østgård","","2026-10-01T10:00:00Z",""
"u242@example.test","Ærlig, ""hund""
Østgård","","2026-10-01T10:00:00Z",""
"u243@example.test","Ærlig, ""hund""
Østgård","","2026-10-01T10:00:00Z",""
"u244@example.test","Ærlig, ""hund""
Østgård","","2026-10-01T10:00:00Z",""
"u245@example.test","Ærlig, ""hund""
Østgård","","2026-10-01T10:00:00Z",""
"u246@example.test","Ærlig, ""hund""
Østgård","","2026-10-01T10:00:00Z",""
"u247@example.test","Ærlig, ""hund""
Østgård","","2026-10-01T10:00:00Z",""
"u248@example.test","Ærlig, ""hund""
Østgård","","2026-10-01T10:00:00Z",""
"u249@example.test","Ærlig, ""hund""
Østgård","","2026-10-01T10:00:00Z",""
"u250@example.test","Ærlig, ""hund""
Østgård","","2026-10-01T10:00:00Z",""
"u251@example.test","Ærlig, ""hund""
Østgård","","2026-10-01T10:00:00Z",""
"u252@example.test","Ærlig, ""hund""
Østgård","","2026-10-01T10:00:00Z",""
"u253@example.test","Ærlig, ""hund""
Østgård","","2026-10-01T10:00:00Z",""
"u254@example.test","Ærlig, ""hund""
Østgård","","2026-10-01T10:00:00Z",""
"u255@example.test","Ærlig, ""hund""
Østgård","","2026-10-01T10:00:00Z",""
"u256@example.test","Ærlig, ""hund""
Østgård","","2026-10-01T10:00:00Z",""
"u257@example.test","Ærlig, ""hund""
Østgård","","2026-10-01T10:00:00Z",""
"u258@example.test","Ærlig, ""hund""
Østgård","","2026-10-01T10:00:00Z",""
"u259@example.test","Ærlig, ""hund""
Østgård","","2026-10-01T10:00:00Z",""
"u260@example.test","Ærlig, ""hund""
Østgård","","2026-10-01T10:00:00Z",""
"u261@example.test","Ærlig, ""hund""
Østgård","","2026-10-01T10:00:00Z",""
"u262@example.test","Ærlig, ""hund""
Østgård","","2026-10-01T10:00:00Z",""
"u263@example.test","Ærlig, ""hund""
Østgård","","2026-10-01T10:00:00Z",""
"u264@example.test","Ærlig, ""hund""
Østgård","","2026-10-01T10:00:00Z",""
"u265@example.test","Ærlig, ""hund""
Østgård","","2026-10-01T10:00:00Z",""
"u266@example.test","Ærlig, ""hund""
Østgård","","2026-10-01T10:00:00Z",""
"u267@example.test","Ærlig, ""hund""
Østgård","","2026-10-01T10:00:00Z",""
"u268@example.test","Ærlig, ""hund""
Østgård","","2026-10-01T10:00:00Z",""
"u269@example.test","Ærlig, ""hund""
Østgård","","2026-10-01T10:00:00Z",""
"u270@example.test","Ærlig, ""hund""
Østgård","","2026-10-01T10:00:00Z",""
"u271@example.test","Ærlig, ""hund""
Østgård","","2026-10-01T10:00:00Z",""
"u272@example.test","Ærlig, ""hund""
Østgård","","2026-10-01T10:00:00Z",""
"u273@example.test","Ærlig, ""hund""
Østgård","","2026-10-01T10:00:00Z",""
"u274@example.test","Ærlig, ""hund""
Østgård","","2026-10-01T10:00:00Z",""
"u275@example.test","Ærlig, ""hund""
Østgård","","2026-10-01T10:00:00Z",""
"u276@example.test","Ærlig, ""hund""
Østgård","","2026-10-01T10:00:00Z",""
"u277@example.test","Ærlig, ""hund""
Østgård","","2026-10-01T10:00:00Z",""
"u278@example.test","Ærlig, ""hund""
Østgård","","2026-10-01T10:00:00Z",""
"u279@example.test","Ærlig, ""hund""
Østgård","","2026-10-01T10:00:00Z",""
"u280@example.test","Ærlig, ""hund""
Østgård","","2026-10-01T10:00:00Z",""
"u281@example.test","Ærlig, ""hund""
Østgård","","2026-10-01T10:00:00Z",""
"u282@example.test","Ærlig, ""hund""
Østgård","","2026-10-01T10:00:00Z",""
"u283@example.test","Ærlig, ""hund""
Østgård","","2026-10-01T10:00:00Z",""
"u284@example.test","Ærlig, ""hund""
Østgård","","2026-10-01T10:00:00Z",""
"u285@example.test","Ærlig, ""hund""
Østgård","","2026-10-01T10:00:00Z",""
"u286@example.test","Ærlig, ""hund""
Østgård","","2026-10-01T10:00:00Z",""
"u287@example.test","Ærlig, ""hund""
Østgård","","2026-10-01T10:00:00Z",""
"u288@example.test","Ærlig, ""hund""
Østgård","","2026-10-01T10:00:00Z",""
"u289@example.test","Ærlig, ""hund""
Østgård","","2026-10-01T10:00:00Z",""
"u290@example.test","Ærlig, ""hund""
Østgård","","2026-10-01T10:00:00Z",""
"u291@example.test","Ærlig, ""hund""
Østgård","","2026-10-01T10:00:00Z",""
"u292@example.test","Ærlig, ""hund""
Østgård","","2026-10-01T10:00:00Z",""
"u293@example.test","Ærlig, ""hund""
Østgård","","2026-10-01T10:00:00Z",""
"u294@example.test","Ærlig, ""hund""
Østgård","","2026-10-01T10:00:00Z",""
"u295@example.test","Ærlig, ""hund""
Østgård","","2026-10-01T10:00:00Z",""
"u296@example.test","Ærlig, ""hund""
Østgård","","2026-10-01T10:00:00Z",""
"u297@example.test","Ærlig, ""hund""
Østgård","","2026-10-01T10:00:00Z",""
"u298@example.test","Ærlig, ""hund""
Østgård","","2026-10-01T10:00:00Z",""
"u299@example.test","Ærlig, ""hund""
Østgård","","2026-10-01T10:00:00Z",""
"u300@example.test","Ærlig, ""hund""
Østgård","","2026-10-01T10:00:00Z",""
"u301@example.test","Ærlig, ""hund""
Østgård","","2026-10-01T10:00:00Z",""
"u302@example.test","Ærlig, ""hund""
Østgård","","2026-10-01T10:00:00Z",""
"u303@example.test","Ærlig, ""hund""
Østgård","","2026-10-01T10:00:00Z",""
"u304@example.test","Ærlig, ""hund""
Østgård","","2026-10-01T10:00:00Z",""
"u305@example.test","Ærlig, ""hund""
Østgård","","2026-10-01T10:00:00Z",""
"u306@example.test","Ærlig, ""hund""
Østgård","","2026-10-01T10:00:00Z",""
"u307@example.test","Ærlig, ""hund""
Østgård","","2026-10-01T10:00:00Z",""
"u308@example.test","Ærlig, ""hund""
Østgård","","2026-10-01T10:00:00Z",""
"u309@example.test","Ærlig, ""hund""
Østgård","","2026-10-01T10:00:00Z",""
"u310@example.test","Ærlig, ""hund""
Østgård","","2026-10-01T10:00:00Z",""
"u311@example.test","Ærlig, ""hund""
Østgård","","2026-10-01T10:00:00Z",""
"u312@example.test","Ærlig, ""hund""
Østgård","","2026-10-01T10:00:00Z",""
"u313@example.test","Ærlig, ""hund""
Østgård","","2026-10-01T10:00:00Z",""
"u314@example.test","Ærlig, ""hund""
Østgård","","2026-10-01T10:00:00Z",""
"u315@example.test","Ærlig, ""hund""
Østgård","","2026-10-01T10:00:00Z",""
"u316@example.test","Ærlig, ""hund""
Østgård","","2026-10-01T10:00:00Z",""
"u317@example.test","Ærlig, ""hund""
Østgård","","2026-10-01T10:00:00Z",""
"u318@example.test","Ærlig, ""hund""
Østgård","","2026-10-01T10:00:00Z",""
"u319@example.test","Ærlig, ""hund""
Østgård","","2026-10-01T10:00:00Z",""
"u320@example.test","Ærlig, ""hund""
Østgård","","2026-10-01T10:00:00Z",""
"u321@example.test","Ærlig, ""hund""
Østgård","","2026-10-01T10:00:00Z",""
"u322@example.test","Ærlig, ""hund""
Østgård","","2026-10-01T10:00:00Z",""
"u323@example.test","Ærlig, ""hund""
Østgård","","2026-10-01T10:00:00Z",""
"u324@example.test","Ærlig, ""hund""
Østgård","","2026-10-01T10:00:00Z",""
"u325@example.test","Ærlig, ""hund""
Østgård","","2026-10-01T10:00:00Z",""
"u326@example.test","Ærlig, ""hund""
Østgård","","2026-10-01T10:00:00Z",""
"u327@example.test","Ærlig, ""hund""
Østgård","","2026-10-01T10:00:00Z",""
"u328@example.test","Ærlig, ""hund""
Østgård","","2026-10-01T10:00:00Z",""
"u329@example.test","Ærlig, ""hund""
Østgård","","2026-10-01T10:00:00Z",""
"u330@example.test","Ærlig, ""hund""
Østgård","","2026-10-01T10:00:00Z",""
"u331@example.test","Ærlig, ""hund""
Østgård","","2026-10-01T10:00:00Z",""
"u332@example.test","Ærlig, ""hund""
Østgård","","2026-10-01T10:00:00Z",""
"u333@example.test","Ærlig, ""hund""
Østgård","","2026-10-01T10:00:00Z",""
"u334@example.test","Ærlig, ""hund""
Østgård","","2026-10-01T10:00:00Z",""
"u335@example.test","Ærlig, ""hund""
Østgård","","2026-10-01T10:00:00Z",""
"u336@example.test","Ærlig, ""hund""
Østgård","","2026-10-01T10:00:00Z",""
"u337@example.test","Ærlig, ""hund""
Østgård","","2026-10-01T10:00:00Z",""
"u338@example.test","Ærlig, ""hund""
Østgård","","2026-10-01T10:00:00Z",""
"u339@example.test","Ærlig, ""hund""
Østgård","","2026-10-01T10:00:00Z",""
"u340@example.test","Ærlig, ""hund""
Østgård","","2026-10-01T10:00:00Z",""
"u341@example.test","Ærlig, ""hund""
Østgård","","2026-10-01T10:00:00Z",""
"u342@example.test","Ærlig, ""hund""
Østgård","","2026-10-01T10:00:00Z",""
"u343@example.test","Ærlig, ""hund""
Østgård","","2026-10-01T10:00:00Z",""
"u344@example.test","Ærlig, ""hund""
Østgård","","2026-10-01T10:00:00Z",""
"u345@example.test","Ærlig, ""hund""
Østgård","","2026-10-01T10:00:00Z",""
"u346@example.test","Ærlig, ""hund""
Østgård","","2026-10-01T10:00:00Z",""
"u347@example.test","Ærlig, ""hund""
Østgård","","2026-10-01T10:00:00Z",""
"u348@example.test","Ærlig, ""hund""
Østgård","","2026-10-01T10:00:00Z",""
"u349@example.test","Ærlig, ""hund""
Østgård","","2026-10-01T10:00:00Z",""
"u350@example.test","Ærlig, ""hund""
Østgård","","2026-10-01T10:00:00Z",""
"u351@example.test","Ærlig, ""hund""
Østgård","","2026-10-01T10:00:00Z",""
"u352@example.test","Ærlig, ""hund""
Østgård","","2026-10-01T10:00:00Z",""
"u353@example.test","Ærlig, ""hund""
Østgård","","2026-10-01T10:00:00Z",""
"u354@example.test","Ærlig, ""hund""
Østgård","","2026-10-01T10:00:00Z",""
"u355@example.test","Ærlig, ""hund""
Østgård","","2026-10-01T10:00:00Z",""
"u356@example.test","Ærlig, ""hund""
Østgård","","2026-10-01T10:00:00Z",""
"u357@example.test","Ærlig, ""hund""
Østgård","","2026-10-01T10:00:00Z",""
"u358@example.test","Ærlig, ""hund""
Østgård","","2026-10-01T10:00:00Z",""
"u359@example.test","Ærlig, ""hund""
Østgård","","2026-10-01T10:00:00Z",""
"u360@example.test","Ærlig, ""hund""
Østgård","","2026-10-01T10:00:00Z",""
"u361@example.test","Ærlig, ""hund""
Østgård","","2026-10-01T10:00:00Z",""
"u362@example.test","Ærlig, ""hund""
Østgård","","2026-10-01T10:00:00Z",""
"u363@example.test","Ærlig, ""hund""
Østgård","","2026-10-01T10:00:00Z",""
"u364@example.test","Ærlig, ""hund""
Østgård","","2026-10-01T10:00:00Z",""
"u365@example.test","Ærlig, ""hund""
Østgård","","2026-10-01T10:00:00Z",""
"u366@example.test","Ærlig, ""hund""
Østgård","","2026-10-01T10:00:00Z",""
"u367@example.test","Ærlig, ""hund""
Østgård","","2026-10-01T10:00:00Z",""
"u368@example.test","Ærlig, ""hund""
Østgård","","2026-10-01T10:00:00Z",""
"u369@example.test","Ærlig, ""hund""
Østgård","","2026-10-01T10:00:00Z",""
"u370@example.test","Ærlig, ""hund""
Østgård","","2026-10-01T10:00:00Z",""
"u371@example.test","Ærlig, ""hund""
Østgård","","2026-10-01T10:00:00Z",""
"u372@example.test","Ærlig, ""hund""
Østgård","","2026-10-01T10:00:00Z",""
"u373@example.test","Ærlig, ""hund""
Østgård","","2026-10-01T10:00:00Z",""
"u374@example.test","Ærlig, ""hund""
Østgård","","2026-10-01T10:00:00Z",""
"u375@example.test","Ærlig, ""hund""
Østgård","","2026-10-01T10:00:00Z",""
"u376@example.test","Ærlig, ""hund""
Østgård","","2026-10-01T10:00:00Z",""
"u377@example.test","Ærlig, ""hund""
Østgård","","2026-10-01T10:00:00Z",""
"u378@example.test","Ærlig, ""hund""
Østgård","","2026-10-01T10:00:00Z",""
"u379@example.test","Ærlig, ""hund""
Østgård","","2026-10-01T10:00:00Z",""
"u380@example.test","Ærlig, ""hund""
Østgård","","2026-10-01T10:00:00Z",""
"u381@example.test","Ærlig, ""hund""
Østgård","","2026-10-01T10:00:00Z",""
"u382@example.test","Ærlig, ""hund""
Østgård","","2026-10-01T10:00:00Z",""
"u383@example.test","Ærlig, ""hund""
Østgård","","2026-10-01T10:00:00Z",""
"u384@example.test","Ærlig, ""hund""
Østgård","","2026-10-01T10:00:00Z",""
"u385@example.test","Ærlig, ""hund""
Østgård","","2026-10-01T10:00:00Z",""
"u386@example.test","Ærlig, ""hund""
Østgård","","2026-10-01T10:00:00Z",""
"u387@example.test","Ærlig, ""hund""
Østgård","","2026-10-01T10:00:00Z",""
"u388@example.test","Ærlig, ""hund""
Østgård","","2026-10-01T10:00:00Z",""
"u389@example.test","Ærlig, ""hund""
Østgård","","2026-10-01T10:00:00Z",""
"u390@example.test","Ærlig, ""hund""
Østgård","","2026-10-01T10:00:00Z",""
"u391@example.test","Ærlig, ""hund""
Østgård","","2026-10-01T10:00:00Z",""
"u392@example.test","Ærlig, ""hund""
Østgård","","2026-10-01T10:00:00Z",""
"u393@example.test","Ærlig, ""hund""
Østgård","","2026-10-01T10:00:00Z",""
"u394@example.test","Ærlig, ""hund""
Østgård","","2026-10-01T10:00:00Z",""
"u395@example.test","Ærlig, ""hund""
Østgård","","2026-10-01T10:00:00Z",""
"u396@example.test","Ærlig, ""hund""
Østgård","","2026-10-01T10:00:00Z",""
"u397@example.test","Ærlig, ""hund""
Østgård","","2026-10-01T10:00:00Z",""
"u398@example.test","Ærlig, ""hund""
Østgård","","2026-10-01T10:00:00Z",""
"u399@example.test","Ærlig, ""hund""
Østgård","","2026-10-01T10:00:00Z",""
"u400@example.test","Ærlig, ""hund""
Østgård","","2026-10-01T10:00:00Z",""
"u401@example.test","Ærlig, ""hund""
Østgård","","2026-10-01T10:00:00Z",""
"u402@example.test","Ærlig, ""hund""
Østgård","","2026-10-01T10:00:00Z",""
"u403@example.test","Ærlig, ""hund""
Østgård","","2026-10-01T10:00:00Z",""
"u404@example.test","Ærlig, ""hund""
Østgård","","2026-10-01T10:00:00Z",""
"u405@example.test","Ærlig, ""hund""
Østgård","","2026-10-01T10:00:00Z",""
"u406@example.test","Ærlig, ""hund""
Østgård","","2026-10-01T10:00:00Z",""
"u407@example.test","Ærlig, ""hund""
Østgård","","2026-10-01T10:00:00Z",""
"u408@example.test","Ærlig, ""hund""
Østgård","","2026-10-01T10:00:00Z",""
"u409@example.test","Ærlig, ""hund""
Østgård","","2026-10-01T10:00:00Z",""
"u410@example.test","Ærlig, ""hund""
Østgård","","2026-10-01T10:00:00Z",""
"u411@example.test","Ærlig, ""hund""
Østgård","","2026-10-01T10:00:00Z",""
"u412@example.test","Ærlig, ""hund""
Østgård","","2026-10-01T10:00:00Z",""
"u413@example.test","Ærlig, ""hund""
Østgård","","2026-10-01T10:00:00Z",""
"u414@example.test","Ærlig, ""hund""
Østgård","","2026-10-01T10:00:00Z",""
"u415@example.test","Ærlig, ""hund""
Østgård","","2026-10-01T10:00:00Z",""
"u416@example.test","Ærlig, ""hund""
Østgård","","2026-10-01T10:00:00Z",""
"u417@example.test","Ærlig, ""hund""
Østgård","","2026-10-01T10:00:00Z",""
"u418@example.test","Ærlig, ""hund""
Østgård","","2026-10-01T10:00:00Z",""
"u419@example.test","Ærlig, ""hund""
Østgård","","2026-10-01T10:00:00Z",""
"u420@example.test","Ærlig, ""hund""
Østgård","","2026-10-01T10:00:00Z",""
"u421@example.test","Ærlig, ""hund""
Østgård","","2026-10-01T10:00:00Z",""
"u422@example.test","Ærlig, ""hund""
Østgård","","2026-10-01T10:00:00Z",""
"u423@example.test","Ærlig, ""hund""
Østgård","","2026-10-01T10:00:00Z",""
"u424@example.test","Ærlig, ""hund""
Østgård","","2026-10-01T10:00:00Z",""
"u425@example.test","Ærlig, ""hund""
Østgård","","2026-10-01T10:00:00Z",""
"u426@example.test","Ærlig, ""hund""
Østgård","","2026-10-01T10:00:00Z",""
"u427@example.test","Ærlig, ""hund""
Østgård","","2026-10-01T10:00:00Z",""
"u428@example.test","Ærlig, ""hund""
Østgård","","2026-10-01T10:00:00Z",""
"u429@example.test","Ærlig, ""hund""
Østgård","","2026-10-01T10:00:00Z",""
"u430@example.test","Ærlig, ""hund""
Østgård","","2026-10-01T10:00:00Z",""
"u431@example.test","Ærlig, ""hund""
Østgård","","2026-10-01T10:00:00Z",""
"u432@example.test","Ærlig, ""hund""
Østgård","","2026-10-01T10:00:00Z",""
"u433@example.test","Ærlig, ""hund""
Østgård","","2026-10-01T10:00:00Z",""
"u434@example.test","Ærlig, ""hund""
Østgård","","2026-10-01T10:00:00Z",""
"u435@example.test","Ærlig, ""hund""
Østgård","","2026-10-01T10:00:00Z",""
"u436@example.test","Ærlig, ""hund""
Østgård","","2026-10-01T10:00:00Z",""
"u437@example.test","Ærlig, ""hund""
Østgård","","2026-10-01T10:00:00Z",""
"u438@example.test","Ærlig, ""hund""
Østgård","","2026-10-01T10:00:00Z",""
"u439@example.test","Ærlig, ""hund""
Østgård","","2026-10-01T10:00:00Z",""
"u440@example.test","Ærlig, ""hund""
Østgård","","2026-10-01T10:00:00Z",""
"u441@example.test","Ærlig, ""hund""
Østgård","","2026-10-01T10:00:00Z",""
"u442@example.test","Ærlig, ""hund""
Østgård","","2026-10-01T10:00:00Z",""
"u443@example.test","Ærlig, ""hund""
Østgård","","2026-10-01T10:00:00Z",""
"u444@example.test","Ærlig, ""hund""
Østgård","","2026-10-01T10:00:00Z",""
"u445@example.test","Ærlig, ""hund""
Østgård","","2026-10-01T10:00:00Z",""
"u446@example.test","Ærlig, ""hund""
Østgård","","2026-10-01T10:00:00Z",""
"u447@example.test","Ærlig, ""hund""
Østgård","","2026-10-01T10:00:00Z",""
"u448@example.test","Ærlig, ""hund""
Østgård","","2026-10-01T10:00:00Z",""
"u449@example.test","Ærlig, ""hund""
Østgård","","2026-10-01T10:00:00Z",""
"u450@example.test","Ærlig, ""hund""
Østgård","","2026-10-01T10:00:00Z",""
"u451@example.test","Ærlig, ""hund""
Østgård","","2026-10-01T10:00:00Z",""
"u452@example.test","Ærlig, ""hund""
Østgård","","2026-10-01T10:00:00Z",""
"u453@example.test","Ærlig, ""hund""
Østgård","","2026-10-01T10:00:00Z",""
"u454@example.test","Ærlig, ""hund""
Østgård","","2026-10-01T10:00:00Z",""
"u455@example.test","Ærlig, ""hund""
Østgård","","2026-10-01T10:00:00Z",""
"u456@example.test","Ærlig, ""hund""
Østgård","","2026-10-01T10:00:00Z",""
"u457@example.test","Ærlig, ""hund""
Østgård","","2026-10-01T10:00:00Z",""
"u458@example.test","Ærlig, ""hund""
Østgård","","2026-10-01T10:00:00Z",""
"u459@example.test","Ærlig, ""hund""
Østgård","","2026-10-01T10:00:00Z",""
"u460@example.test","Ærlig, ""hund""
Østgård","","2026-10-01T10:00:00Z",""
"u461@example.test","Ærlig, ""hund""
Østgård","","2026-10-01T10:00:00Z",""
"u462@example.test","Ærlig, ""hund""
Østgård","","2026-10-01T10:00:00Z",""
"u463@example.test","Ærlig, ""hund""
Østgård","","2026-10-01T10:00:00Z",""
"u464@example.test","Ærlig, ""hund""
Østgård","","2026-10-01T10:00:00Z",""
"u465@example.test","Ærlig, ""hund""
Østgård","","2026-10-01T10:00:00Z",""
"u466@example.test","Ærlig, ""hund""
Østgård","","2026-10-01T10:00:00Z",""
"u467@example.test","Ærlig, ""hund""
Østgård","","2026-10-01T10:00:00Z",""
"u468@example.test","Ærlig, ""hund""
Østgård","","2026-10-01T10:00:00Z",""
"u469@example.test","Ærlig, ""hund""
Østgård","","2026-10-01T10:00:00Z",""
"u470@example.test","Ærlig, ""hund""
Østgård","","2026-10-01T10:00:00Z",""
"u471@example.test","Ærlig, ""hund""
Østgård","","2026-10-01T10:00:00Z",""
"u472@example.test","Ærlig, ""hund""
Østgård","","2026-10-01T10:00:00Z",""
"u473@example.test","Ærlig, ""hund""
Østgård","","2026-10-01T10:00:00Z",""
"u474@example.test","Ærlig, ""hund""
Østgård","","2026-10-01T10:00:00Z",""
"u475@example.test","Ærlig, ""hund""
Østgård","","2026-10-01T10:00:00Z",""
"u476@example.test","Ærlig, ""hund""
Østgård","","2026-10-01T10:00:00Z",""
"u477@example.test","Ærlig, ""hund""
Østgård","","2026-10-01T10:00:00Z",""
"u478@example.test","Ærlig, ""hund""
Østgård","","2026-10-01T10:00:00Z",""
"u479@example.test","Ærlig, ""hund""
Østgård","","2026-10-01T10:00:00Z",""
"u480@example.test","Ærlig, ""hund""
Østgård","","2026-10-01T10:00:00Z",""
"u481@example.test","Ærlig, ""hund""
Østgård","","2026-10-01T10:00:00Z",""
"u482@example.test","Ærlig, ""hund""
Østgård","","2026-10-01T10:00:00Z",""
"u483@example.test","Ærlig, ""hund""
Østgård","","2026-10-01T10:00:00Z",""
"u484@example.test","Ærlig, ""hund""
Østgård","","2026-10-01T10:00:00Z",""
"u485@example.test","Ærlig, ""hund""
Østgård","","2026-10-01T10:00:00Z",""
"u486@example.test","Ærlig, ""hund""
Østgård","","2026-10-01T10:00:00Z",""
"u487@example.test","Ærlig, ""hund""
Østgård","","2026-10-01T10:00:00Z",""
"u488@example.test","Ærlig, ""hund""
Østgård","","2026-10-01T10:00:00Z",""
"u489@example.test","Ærlig, ""hund""
Østgård","","2026-10-01T10:00:00Z",""
"u490@example.test","Ærlig, ""hund""
Østgård","","2026-10-01T10:00:00Z",""
"u491@example.test","Ærlig, ""hund""
Østgård","","2026-10-01T10:00:00Z",""
"u492@example.test","Ærlig, ""hund""
Østgård","","2026-10-01T10:00:00Z",""
"u493@example.test","Ærlig, ""hund""
Østgård","","2026-10-01T10:00:00Z",""
"u494@example.test","Ærlig, ""hund""
Østgård","","2026-10-01T10:00:00Z",""
"u495@example.test","Ærlig, ""hund""
Østgård","","2026-10-01T10:00:00Z",""
"u496@example.test","Ærlig, ""hund""
Østgård","","2026-10-01T10:00:00Z",""
"u497@example.test","Ærlig, ""hund""
Østgård","","2026-10-01T10:00:00Z",""
"u498@example.test","Ærlig, ""hund""
Østgård","","2026-10-01T10:00:00Z",""
"u499@example.test","Ærlig, ""hund""
Østgård","","2026-10-01T10:00:00Z",""
"u500@example.test","Ærlig, ""hund""
Østgård","","2026-10-01T10:00:00Z",""
"u501@example.test","Ærlig, ""hund""
Østgård","","2026-10-01T10:00:00Z",""
"u502@example.test","Ærlig, ""hund""
Østgård","","2026-10-01T10:00:00Z",""
"u503@example.test","Ærlig, ""hund""
Østgård","","2026-10-01T10:00:00Z",""
"u504@example.test","Ærlig, ""hund""
Østgård","","2026-10-01T10:00:00Z",""
"u505@example.test","Ærlig, ""hund""
Østgård","","2026-10-01T10:00:00Z",""
"u506@example.test","Ærlig, ""hund""
Østgård","","2026-10-01T10:00:00Z",""
"u507@example.test","Ærlig, ""hund""
Østgård","","2026-10-01T10:00:00Z",""
"u508@example.test","Ærlig, ""hund""
Østgård","","2026-10-01T10:00:00Z",""
"u509@example.test","Ærlig, ""hund""
Østgård","","2026-10-01T10:00:00Z",""
"u510@example.test","Ærlig, ""hund""
Østgård","","2026-10-01T10:00:00Z",""
"u511@example.test","Ærlig, ""hund""
Østgård","","2026-10-01T10:00:00Z",""
"u512@example.test","Ærlig, ""hund""
Østgård","","2026-10-01T10:00:00Z",""
"u513@example.test","Ærlig, ""hund""
Østgård","","2026-10-01T10:00:00Z",""
"u514@example.test","Ærlig, ""hund""
Østgård","","2026-10-01T10:00:00Z",""
"u515@example.test","Ærlig, ""hund""
Østgård","","2026-10-01T10:00:00Z",""
"u516@example.test","Ærlig, ""hund""
Østgård","","2026-10-01T10:00:00Z",""
"u517@example.test","Ærlig, ""hund""
Østgård","","2026-10-01T10:00:00Z",""
"u518@example.test","Ærlig, ""hund""
Østgård","","2026-10-01T10:00:00Z",""
"u519@example.test","Ærlig, ""hund""
Østgård","","2026-10-01T10:00:00Z",""
"u520@example.test","Ærlig, ""hund""
Østgård","","2026-10-01T10:00:00Z",""
"u521@example.test","Ærlig, ""hund""
Østgård","","2026-10-01T10:00:00Z",""
"u522@example.test","Ærlig, ""hund""
Østgård","","2026-10-01T10:00:00Z",""
"u523@example.test","Ærlig, ""hund""
Østgård","","2026-10-01T10:00:00Z",""
"u524@example.test","Ærlig, ""hund""
Østgård","","2026-10-01T10:00:00Z",""
"u525@example.test","Ærlig, ""hund""
Østgård","","2026-10-01T10:00:00Z",""
"u526@example.test","Ærlig, ""hund""
Østgård","","2026-10-01T10:00:00Z",""
"u527@example.test","Ærlig, ""hund""
Østgård","","2026-10-01T10:00:00Z",""
"u528@example.test","Ærlig, ""hund""
Østgård","","2026-10-01T10:00:00Z",""
"u529@example.test","Ærlig, ""hund""
Østgård","","2026-10-01T10:00:00Z",""
"u530@example.test","Ærlig, ""hund""
Østgård","","2026-10-01T10:00:00Z",""
"u531@example.test","Ærlig, ""hund""
Østgård","","2026-10-01T10:00:00Z",""
"u532@example.test","Ærlig, ""hund""
Østgård","","2026-10-01T10:00:00Z",""
"u533@example.test","Ærlig, ""hund""
Østgård","","2026-10-01T10:00:00Z",""
"u534@example.test","Ærlig, ""hund""
Østgård","","2026-10-01T10:00:00Z",""
"u535@example.test","Ærlig, ""hund""
Østgård","","2026-10-01T10:00:00Z",""
"u536@example.test","Ærlig, ""hund""
Østgård","","2026-10-01T10:00:00Z",""
"u537@example.test","Ærlig, ""hund""
Østgård","","2026-10-01T10:00:00Z",""
"u538@example.test","Ærlig, ""hund""
Østgård","","2026-10-01T10:00:00Z",""
"u539@example.test","Ærlig, ""hund""
Østgård","","2026-10-01T10:00:00Z",""
"u540@example.test","Ærlig, ""hund""
Østgård","","2026-10-01T10:00:00Z",""
"u541@example.test","Ærlig, ""hund""
Østgård","","2026-10-01T10:00:00Z",""
"u542@example.test","Ærlig, ""hund""
Østgård","","2026-10-01T10:00:00Z",""
"u543@example.test","Ærlig, ""hund""
Østgård","","2026-10-01T10:00:00Z",""
"u544@example.test","Ærlig, ""hund""
Østgård","","2026-10-01T10:00:00Z",""
"u545@example.test","Ærlig, ""hund""
Østgård","","2026-10-01T10:00:00Z",""
"u546@example.test","Ærlig, ""hund""
Østgård","","2026-10-01T10:00:00Z",""
"u547@example.test","Ærlig, ""hund""
Østgård","","2026-10-01T10:00:00Z",""
"u548@example.test","Ærlig, ""hund""
Østgård","","2026-10-01T10:00:00Z",""
"u549@example.test","Ærlig, ""hund""
Østgård","","2026-10-01T10:00:00Z",""
"u550@example.test","Ærlig, ""hund""
Østgård","","2026-10-01T10:00:00Z",""
"u551@example.test","Ærlig, ""hund""
Østgård","","2026-10-01T10:00:00Z",""
"u552@example.test","Ærlig, ""hund""
Østgård","","2026-10-01T10:00:00Z",""
"u553@example.test","Ærlig, ""hund""
Østgård","","2026-10-01T10:00:00Z",""
"u554@example.test","Ærlig, ""hund""
Østgård","","2026-10-01T10:00:00Z",""
"u555@example.test","Ærlig, ""hund""
Østgård","","2026-10-01T10:00:00Z",""
"u556@example.test","Ærlig, ""hund""
Østgård","","2026-10-01T10:00:00Z",""
"u557@example.test","Ærlig, ""hund""
Østgård","","2026-10-01T10:00:00Z",""
"u558@example.test","Ærlig, ""hund""
Østgård","","2026-10-01T10:00:00Z",""
"u559@example.test","Ærlig, ""hund""
Østgård","","2026-10-01T10:00:00Z",""
"u560@example.test","Ærlig, ""hund""
Østgård","","2026-10-01T10:00:00Z",""
"u561@example.test","Ærlig, ""hund""
Østgård","","2026-10-01T10:00:00Z",""
"u562@example.test","Ærlig, ""hund""
Østgård","","2026-10-01T10:00:00Z",""
"u563@example.test","Ærlig, ""hund""
Østgård","","2026-10-01T10:00:00Z",""
"u564@example.test","Ærlig, ""hund""
Østgård","","2026-10-01T10:00:00Z",""
"u565@example.test","Ærlig, ""hund""
Østgård","","2026-10-01T10:00:00Z",""
"u566@example.test","Ærlig, ""hund""
Østgård","","2026-10-01T10:00:00Z",""
"u567@example.test","Ærlig, ""hund""
Østgård","","2026-10-01T10:00:00Z",""
"u568@example.test","Ærlig, ""hund""
Østgård","","2026-10-01T10:00:00Z",""
"u569@example.test","Ærlig, ""hund""
Østgård","","2026-10-01T10:00:00Z",""
"u570@example.test","Ærlig, ""hund""
Østgård","","2026-10-01T10:00:00Z",""
"u571@example.test","Ærlig, ""hund""
Østgård","","2026-10-01T10:00:00Z",""
"u572@example.test","Ærlig, ""hund""
Østgård","","2026-10-01T10:00:00Z",""
"u573@example.test","Ærlig, ""hund""
Østgård","","2026-10-01T10:00:00Z",""
"u574@example.test","Ærlig, ""hund""
Østgård","","2026-10-01T10:00:00Z",""
"u575@example.test","Ærlig, ""hund""
Østgård","","2026-10-01T10:00:00Z",""
"u576@example.test","Ærlig, ""hund""
Østgård","","2026-10-01T10:00:00Z",""
"u577@example.test","Ærlig, ""hund""
Østgård","","2026-10-01T10:00:00Z",""
"u578@example.test","Ærlig, ""hund""
Østgård","","2026-10-01T10:00:00Z",""
"u579@example.test","Ærlig, ""hund""
Østgård","","2026-10-01T10:00:00Z",""
"u580@example.test","Ærlig, ""hund""
Østgård","","2026-10-01T10:00:00Z",""
"u581@example.test","Ærlig, ""hund""
Østgård","","2026-10-01T10:00:00Z",""
"u582@example.test","Ærlig, ""hund""
Østgård","","2026-10-01T10:00:00Z",""
"u583@example.test","Ærlig, ""hund""
Østgård","","2026-10-01T10:00:00Z",""
"u584@example.test","Ærlig, ""hund""
Østgård","","2026-10-01T10:00:00Z",""
"u585@example.test","Ærlig, ""hund""
Østgård","","2026-10-01T10:00:00Z",""
"u586@example.test","Ærlig, ""hund""
Østgård","","2026-10-01T10:00:00Z",""
"u587@example.test","Ærlig, ""hund""
Østgård","","2026-10-01T10:00:00Z",""
"u588@example.test","Ærlig, ""hund""
Østgård","","2026-10-01T10:00:00Z",""
"u589@example.test","Ærlig, ""hund""
Østgård","","2026-10-01T10:00:00Z",""
"u590@example.test","Ærlig, ""hund""
Østgård","","2026-10-01T10:00:00Z",""
"u591@example.test","Ærlig, ""hund""
Østgård","","2026-10-01T10:00:00Z",""
"u592@example.test","Ærlig, ""hund""
Østgård","","2026-10-01T10:00:00Z",""
"u593@example.test","Ærlig, ""hund""
Østgård","","2026-10-01T10:00:00Z",""
"u594@example.test","Ærlig, ""hund""
Østgård","","2026-10-01T10:00:00Z",""
"u595@example.test","Ærlig, ""hund""
Østgård","","2026-10-01T10:00:00Z",""
"u596@example.test","Ærlig, ""hund""
Østgård","","2026-10-01T10:00:00Z",""
"u597@example.test","Ærlig, ""hund""
Østgård","","2026-10-01T10:00:00Z",""
"u598@example.test","Ærlig, ""hund""
Østgård","","2026-10-01T10:00:00Z",""
"u599@example.test","Ærlig, ""hund""
Østgård","","2026-10-01T10:00:00Z",""
"u600@example.test","Ærlig, ""hund""
Østgård","","2026-10-01T10:00:00Z",""
"u601@example.test","Ærlig, ""hund""
Østgård","","2026-10-01T10:00:00Z",""
"u602@example.test","Ærlig, ""hund""
Østgård","","2026-10-01T10:00:00Z",""
"u603@example.test","Ærlig, ""hund""
Østgård","","2026-10-01T10:00:00Z",""
"u604@example.test","Ærlig, ""hund""
Østgård","","2026-10-01T10:00:00Z",""
"u605@example.test","Ærlig, ""hund""
Østgård","","2026-10-01T10:00:00Z",""
"u606@example.test","Ærlig, ""hund""
Østgård","","2026-10-01T10:00:00Z",""
"u607@example.test","Ærlig, ""hund""
Østgård","","2026-10-01T10:00:00Z",""
"u608@example.test","Ærlig, ""hund""
Østgård","","2026-10-01T10:00:00Z",""
"u609@example.test","Ærlig, ""hund""
Østgård","","2026-10-01T10:00:00Z",""
"u610@example.test","Ærlig, ""hund""
Østgård","","2026-10-01T10:00:00Z",""
"u611@example.test","Ærlig, ""hund""
Østgård","","2026-10-01T10:00:00Z",""
"u612@example.test","Ærlig, ""hund""
Østgård","","2026-10-01T10:00:00Z",""
"u613@example.test","Ærlig, ""hund""
Østgård","","2026-10-01T10:00:00Z",""
"u614@example.test","Ærlig, ""hund""
Østgård","","2026-10-01T10:00:00Z",""
"u615@example.test","Ærlig, ""hund""
Østgård","","2026-10-01T10:00:00Z",""
"u616@example.test","Ærlig, ""hund""
Østgård","","2026-10-01T10:00:00Z",""
"u617@example.test","Ærlig, ""hund""
Østgård","","2026-10-01T10:00:00Z",""
"u618@example.test","Ærlig, ""hund""
Østgård","","2026-10-01T10:00:00Z",""
"u619@example.test","Ærlig, ""hund""
Østgård","","2026-10-01T10:00:00Z",""
"u620@example.test","Ærlig, ""hund""
Østgård","","2026-10-01T10:00:00Z",""
"u621@example.test","Ærlig, ""hund""
Østgård","","2026-10-01T10:00:00Z",""
"u622@example.test","Ærlig, ""hund""
Østgård","","2026-10-01T10:00:00Z",""
"u623@example.test","Ærlig, ""hund""
Østgård","","2026-10-01T10:00:00Z",""
"u624@example.test","Ærlig, ""hund""
Østgård","","2026-10-01T10:00:00Z",""
"u625@example.test","Ærlig, ""hund""
Østgård","","2026-10-01T10:00:00Z",""
"u626@example.test","Ærlig, ""hund""
Østgård","","2026-10-01T10:00:00Z",""
"u627@example.test","Ærlig, ""hund""
Østgård","","2026-10-01T10:00:00Z",""
"u628@example.test","Ærlig, ""hund""
Østgård","","2026-10-01T10:00:00Z",""
"u629@example.test","Ærlig, ""hund""
Østgård","","2026-10-01T10:00:00Z",""
"u630@example.test","Ærlig, ""hund""
Østgård","","2026-10-01T10:00:00Z",""
"u631@example.test","Ærlig, ""hund""
Østgård","","2026-10-01T10:00:00Z",""
"u632@example.test","Ærlig, ""hund""
Østgård","","2026-10-01T10:00:00Z",""
"u633@example.test","Ærlig, ""hund""
Østgård","","2026-10-01T10:00:00Z",""
"u634@example.test","Ærlig, ""hund""
Østgård","","2026-10-01T10:00:00Z",""
"u635@example.test","Ærlig, ""hund""
Østgård","","2026-10-01T10:00:00Z",""
"u636@example.test","Ærlig, ""hund""
Østgård","","2026-10-01T10:00:00Z",""
"u637@example.test","Ærlig, ""hund""
Østgård","","2026-10-01T10:00:00Z",""
"u638@example.test","Ærlig, ""hund""
Østgård","","2026-10-01T10:00:00Z",""
"u639@example.test","Ærlig, ""hund""
Østgård","","2026-10-01T10:00:00Z",""
"u640@example.test","Ærlig, ""hund""
Østgård","","2026-10-01T10:00:00Z",""
"u641@example.test","Ærlig, ""hund""
Østgård","","2026-10-01T10:00:00Z",""
"u642@example.test","Ærlig, ""hund""
Østgård","","2026-10-01T10:00:00Z",""
"u643@example.test","Ærlig, ""hund""
Østgård","","2026-10-01T10:00:00Z",""
"u644@example.test","Ærlig, ""hund""
Østgård","","2026-10-01T10:00:00Z",""
"u645@example.test","Ærlig, ""hund""
Østgård","","2026-10-01T10:00:00Z",""
"u646@example.test","Ærlig, ""hund""
Østgård","","2026-10-01T10:00:00Z",""
"u647@example.test","Ærlig, ""hund""
Østgård","","2026-10-01T10:00:00Z",""
"u648@example.test","Ærlig, ""hund""
Østgård","","2026-10-01T10:00:00Z",""
"u649@example.test","Ærlig, ""hund""
Østgård","","2026-10-01T10:00:00Z",""
"u650@example.test","Ærlig, ""hund""
Østgård","","2026-10-01T10:00:00Z",""
"u651@example.test","Ærlig, ""hund""
Østgård","","2026-10-01T10:00:00Z",""
"u652@example.test","Ærlig, ""hund""
Østgård","","2026-10-01T10:00:00Z",""
"u653@example.test","Ærlig, ""hund""
Østgård","","2026-10-01T10:00:00Z",""
"u654@example.test","Ærlig, ""hund""
Østgård","","2026-10-01T10:00:00Z",""
"u655@example.test","Ærlig, ""hund""
Østgård","","2026-10-01T10:00:00Z",""
"u656@example.test","Ærlig, ""hund""
Østgård","","2026-10-01T10:00:00Z",""
"u657@example.test","Ærlig, ""hund""
Østgård","","2026-10-01T10:00:00Z",""
"u658@example.test","Ærlig, ""hund""
Østgård","","2026-10-01T10:00:00Z",""
"u659@example.test","Ærlig, ""hund""
Østgård","","2026-10-01T10:00:00Z",""
"u660@example.test","Ærlig, ""hund""
Østgård","","2026-10-01T10:00:00Z",""
"u661@example.test","Ærlig, ""hund""
Østgård","","2026-10-01T10:00:00Z",""
"u662@example.test","Ærlig, ""hund""
Østgård","","2026-10-01T10:00:00Z",""
"u663@example.test","Ærlig, ""hund""
Østgård","","2026-10-01T10:00:00Z",""
"u664@example.test","Ærlig, ""hund""
Østgård","","2026-10-01T10:00:00Z",""
"u665@example.test","Ærlig, ""hund""
Østgård","","2026-10-01T10:00:00Z",""
"u666@example.test","Ærlig, ""hund""
Østgård","","2026-10-01T10:00:00Z",""
"u667@example.test","Ærlig, ""hund""
Østgård","","2026-10-01T10:00:00Z",""
"u668@example.test","Ærlig, ""hund""
Østgård","","2026-10-01T10:00:00Z",""
"u669@example.test","Ærlig, ""hund""
Østgård","","2026-10-01T10:00:00Z",""
"u670@example.test","Ærlig, ""hund""
Østgård","","2026-10-01T10:00:00Z",""
"u671@example.test","Ærlig, ""hund""
Østgård","","2026-10-01T10:00:00Z",""
"u672@example.test","Ærlig, ""hund""
Østgård","","2026-10-01T10:00:00Z",""
"u673@example.test","Ærlig, ""hund""
Østgård","","2026-10-01T10:00:00Z",""
"u674@example.test","Ærlig, ""hund""
Østgård","","2026-10-01T10:00:00Z",""
"u675@example.test","Ærlig, ""hund""
Østgård","","2026-10-01T10:00:00Z",""
"u676@example.test","Ærlig, ""hund""
Østgård","","2026-10-01T10:00:00Z",""
"u677@example.test","Ærlig, ""hund""
Østgård","","2026-10-01T10:00:00Z",""
"u678@example.test","Ærlig, ""hund""
Østgård","","2026-10-01T10:00:00Z",""
"u679@example.test","Ærlig, ""hund""
Østgård","","2026-10-01T10:00:00Z",""
"u680@example.test","Ærlig, ""hund""
Østgård","","2026-10-01T10:00:00Z",""
"u681@example.test","Ærlig, ""hund""
Østgård","","2026-10-01T10:00:00Z",""
"u682@example.test","Ærlig, ""hund""
Østgård","","2026-10-01T10:00:00Z",""
"u683@example.test","Ærlig, ""hund""
Østgård","","2026-10-01T10:00:00Z",""
"u684@example.test","Ærlig, ""hund""
Østgård","","2026-10-01T10:00:00Z",""
"u685@example.test","Ærlig, ""hund""
Østgård","","2026-10-01T10:00:00Z",""
"u686@example.test","Ærlig, ""hund""
Østgård","","2026-10-01T10:00:00Z",""
"u687@example.test","Ærlig, ""hund""
Østgård","","2026-10-01T10:00:00Z",""
"u688@example.test","Ærlig, ""hund""
Østgård","","2026-10-01T10:00:00Z",""
"u689@example.test","Ærlig, ""hund""
Østgård","","2026-10-01T10:00:00Z",""
"u690@example.test","Ærlig, ""hund""
Østgård","","2026-10-01T10:00:00Z",""
"u691@example.test","Ærlig, ""hund""
Østgård","","2026-10-01T10:00:00Z",""
"u692@example.test","Ærlig, ""hund""
Østgård","","2026-10-01T10:00:00Z",""
"u693@example.test","Ærlig, ""hund""
Østgård","","2026-10-01T10:00:00Z",""
"u694@example.test","Ærlig, ""hund""
Østgård","","2026-10-01T10:00:00Z",""
"u695@example.test","Ærlig, ""hund""
Østgård","","2026-10-01T10:00:00Z",""
"u696@example.test","Ærlig, ""hund""
Østgård","","2026-10-01T10:00:00Z",""
"u697@example.test","Ærlig, ""hund""
Østgård","","2026-10-01T10:00:00Z",""
"u698@example.test","Ærlig, ""hund""
Østgård","","2026-10-01T10:00:00Z",""
"u699@example.test","Ærlig, ""hund""
Østgård","","2026-10-01T10:00:00Z",""
"u700@example.test","Ærlig, ""hund""
Østgård","","2026-10-01T10:00:00Z",""
"u701@example.test","Ærlig, ""hund""
Østgård","","2026-10-01T10:00:00Z",""
"u702@example.test","Ærlig, ""hund""
Østgård","","2026-10-01T10:00:00Z",""
"u703@example.test","Ærlig, ""hund""
Østgård","","2026-10-01T10:00:00Z",""
"u704@example.test","Ærlig, ""hund""
Østgård","","2026-10-01T10:00:00Z",""
"u705@example.test","Ærlig, ""hund""
Østgård","","2026-10-01T10:00:00Z",""
"u706@example.test","Ærlig, ""hund""
Østgård","","2026-10-01T10:00:00Z",""
"u707@example.test","Ærlig, ""hund""
Østgård","","2026-10-01T10:00:00Z",""
"u708@example.test","Ærlig, ""hund""
Østgård","","2026-10-01T10:00:00Z",""
"u709@example.test","Ærlig, ""hund""
Østgård","","2026-10-01T10:00:00Z",""
"u710@example.test","Ærlig, ""hund""
Østgård","","2026-10-01T10:00:00Z",""
"u711@example.test","Ærlig, ""hund""
Østgård","","2026-10-01T10:00:00Z",""
"u712@example.test","Ærlig, ""hund""
Østgård","","2026-10-01T10:00:00Z",""
"u713@example.test","Ærlig, ""hund""
Østgård","","2026-10-01T10:00:00Z",""
"u714@example.test","Ærlig, ""hund""
Østgård","","2026-10-01T10:00:00Z",""
"u715@example.test","Ærlig, ""hund""
Østgård","","2026-10-01T10:00:00Z",""
"u716@example.test","Ærlig, ""hund""
Østgård","","2026-10-01T10:00:00Z",""
"u717@example.test","Ærlig, ""hund""
Østgård","","2026-10-01T10:00:00Z",""
"u718@example.test","Ærlig, ""hund""
Østgård","","2026-10-01T10:00:00Z",""
"u719@example.test","Ærlig, ""hund""
Østgård","","2026-10-01T10:00:00Z",""
"u720@example.test","Ærlig, ""hund""
Østgård","","2026-10-01T10:00:00Z",""
"u721@example.test","Ærlig, ""hund""
Østgård","","2026-10-01T10:00:00Z",""
"u722@example.test","Ærlig, ""hund""
Østgård","","2026-10-01T10:00:00Z",""
"u723@example.test","Ærlig, ""hund""
Østgård","","2026-10-01T10:00:00Z",""
"u724@example.test","Ærlig, ""hund""
Østgård","","2026-10-01T10:00:00Z",""
"u725@example.test","Ærlig, ""hund""
Østgård","","2026-10-01T10:00:00Z",""
"u726@example.test","Ærlig, ""hund""
Østgård","","2026-10-01T10:00:00Z",""
"u727@example.test","Ærlig, ""hund""
Østgård","","2026-10-01T10:00:00Z",""
"u728@example.test","Ærlig, ""hund""
Østgård","","2026-10-01T10:00:00Z",""
"u729@example.test","Ærlig, ""hund""
Østgård","","2026-10-01T10:00:00Z",""
"u730@example.test","Ærlig, ""hund""
Østgård","","2026-10-01T10:00:00Z",""
"u731@example.test","Ærlig, ""hund""
Østgård","","2026-10-01T10:00:00Z",""
"u732@example.test","Ærlig, ""hund""
Østgård","","2026-10-01T10:00:00Z",""
"u733@example.test","Ærlig, ""hund""
Østgård","","2026-10-01T10:00:00Z",""
"u734@example.test","Ærlig, ""hund""
Østgård","","2026-10-01T10:00:00Z",""
"u735@example.test","Ærlig, ""hund""
Østgård","","2026-10-01T10:00:00Z",""
"u736@example.test","Ærlig, ""hund""
Østgård","","2026-10-01T10:00:00Z",""
"u737@example.test","Ærlig, ""hund""
Østgård","","2026-10-01T10:00:00Z",""
"u738@example.test","Ærlig, ""hund""
Østgård","","2026-10-01T10:00:00Z",""
"u739@example.test","Ærlig, ""hund""
Østgård","","2026-10-01T10:00:00Z",""
"u740@example.test","Ærlig, ""hund""
Østgård","","2026-10-01T10:00:00Z",""
"u741@example.test","Ærlig, ""hund""
Østgård","","2026-10-01T10:00:00Z",""
"u742@example.test","Ærlig, ""hund""
Østgård","","2026-10-01T10:00:00Z",""
"u743@example.test","Ærlig, ""hund""
Østgård","","2026-10-01T10:00:00Z",""
"u744@example.test","Ærlig, ""hund""
Østgård","","2026-10-01T10:00:00Z",""
"u745@example.test","Ærlig, ""hund""
Østgård","","2026-10-01T10:00:00Z",""
"u746@example.test","Ærlig, ""hund""
Østgård","","2026-10-01T10:00:00Z",""
"u747@example.test","Ærlig, ""hund""
Østgård","","2026-10-01T10:00:00Z",""
"u748@example.test","Ærlig, ""hund""
Østgård","","2026-10-01T10:00:00Z",""
"u749@example.test","Ærlig, ""hund""
Østgård","","2026-10-01T10:00:00Z",""
"u750@example.test","Ærlig, ""hund""
Østgård","","2026-10-01T10:00:00Z",""
"u751@example.test","Ærlig, ""hund""
Østgård","","2026-10-01T10:00:00Z",""
"u752@example.test","Ærlig, ""hund""
Østgård","","2026-10-01T10:00:00Z",""
"u753@example.test","Ærlig, ""hund""
Østgård","","2026-10-01T10:00:00Z",""
"u754@example.test","Ærlig, ""hund""
Østgård","","2026-10-01T10:00:00Z",""
"u755@example.test","Ærlig, ""hund""
Østgård","","2026-10-01T10:00:00Z",""
"u756@example.test","Ærlig, ""hund""
Østgård","","2026-10-01T10:00:00Z",""
"u757@example.test","Ærlig, ""hund""
Østgård","","2026-10-01T10:00:00Z",""
"u758@example.test","Ærlig, ""hund""
Østgård","","2026-10-01T10:00:00Z",""
"u759@example.test","Ærlig, ""hund""
Østgård","","2026-10-01T10:00:00Z",""
"u760@example.test","Ærlig, ""hund""
Østgård","","2026-10-01T10:00:00Z",""
"u761@example.test","Ærlig, ""hund""
Østgård","","2026-10-01T10:00:00Z",""
"u762@example.test","Ærlig, ""hund""
Østgård","","2026-10-01T10:00:00Z",""
"u763@example.test","Ærlig, ""hund""
Østgård","","2026-10-01T10:00:00Z",""
"u764@example.test","Ærlig, ""hund""
Østgård","","2026-10-01T10:00:00Z",""
"u765@example.test","Ærlig, ""hund""
Østgård","","2026-10-01T10:00:00Z",""
"u766@example.test","Ærlig, ""hund""
Østgård","","2026-10-01T10:00:00Z",""
"u767@example.test","Ærlig, ""hund""
Østgård","","2026-10-01T10:00:00Z",""
"u768@example.test","Ærlig, ""hund""
Østgård","","2026-10-01T10:00:00Z",""
"u769@example.test","Ærlig, ""hund""
Østgård","","2026-10-01T10:00:00Z",""
"u770@example.test","Ærlig, ""hund""
Østgård","","2026-10-01T10:00:00Z",""
"u771@example.test","Ærlig, ""hund""
Østgård","","2026-10-01T10:00:00Z",""
"u772@example.test","Ærlig, ""hund""
Østgård","","2026-10-01T10:00:00Z",""
"u773@example.test","Ærlig, ""hund""
Østgård","","2026-10-01T10:00:00Z",""
"u774@example.test","Ærlig, ""hund""
Østgård","","2026-10-01T10:00:00Z",""
"u775@example.test","Ærlig, ""hund""
Østgård","","2026-10-01T10:00:00Z",""
"u776@example.test","Ærlig, ""hund""
Østgård","","2026-10-01T10:00:00Z",""
"u777@example.test","Ærlig, ""hund""
Østgård","","2026-10-01T10:00:00Z",""
"u778@example.test","Ærlig, ""hund""
Østgård","","2026-10-01T10:00:00Z",""
"u779@example.test","Ærlig, ""hund""
Østgård","","2026-10-01T10:00:00Z",""
"u780@example.test","Ærlig, ""hund""
Østgård","","2026-10-01T10:00:00Z",""
"u781@example.test","Ærlig, ""hund""
Østgård","","2026-10-01T10:00:00Z",""
"u782@example.test","Ærlig, ""hund""
Østgård","","2026-10-01T10:00:00Z",""
"u783@example.test","Ærlig, ""hund""
Østgård","","2026-10-01T10:00:00Z",""
"u784@example.test","Ærlig, ""hund""
Østgård","","2026-10-01T10:00:00Z",""
"u785@example.test","Ærlig, ""hund""
Østgård","","2026-10-01T10:00:00Z",""
"u786@example.test","Ærlig, ""hund""
Østgård","","2026-10-01T10:00:00Z",""
"u787@example.test","Ærlig, ""hund""
Østgård","","2026-10-01T10:00:00Z",""
"u788@example.test","Ærlig, ""hund""
Østgård","","2026-10-01T10:00:00Z",""
"u789@example.test","Ærlig, ""hund""
Østgård","","2026-10-01T10:00:00Z",""
"u790@example.test","Ærlig, ""hund""
Østgård","","2026-10-01T10:00:00Z",""
"u791@example.test","Ærlig, ""hund""
Østgård","","2026-10-01T10:00:00Z",""
"u792@example.test","Ærlig, ""hund""
Østgård","","2026-10-01T10:00:00Z",""
"u793@example.test","Ærlig, ""hund""
Østgård","","2026-10-01T10:00:00Z",""
"u794@example.test","Ærlig, ""hund""
Østgård","","2026-10-01T10:00:00Z",""
"u795@example.test","Ærlig, ""hund""
Østgård","","2026-10-01T10:00:00Z",""
"u796@example.test","Ærlig, ""hund""
Østgård","","2026-10-01T10:00:00Z",""
"u797@example.test","Ærlig, ""hund""
Østgård","","2026-10-01T10:00:00Z",""
"u798@example.test","Ærlig, ""hund""
Østgård","","2026-10-01T10:00:00Z",""
"u799@example.test","Ærlig, ""hund""
Østgård","","2026-10-01T10:00:00Z",""
"u800@example.test","Ærlig, ""hund""
Østgård","","2026-10-01T10:00:00Z",""
"u801@example.test","Ærlig, ""hund""
Østgård","","2026-10-01T10:00:00Z",""
"u802@example.test","Ærlig, ""hund""
Østgård","","2026-10-01T10:00:00Z",""
"u803@example.test","Ærlig, ""hund""
Østgård","","2026-10-01T10:00:00Z",""
"u804@example.test","Ærlig, ""hund""
Østgård","","2026-10-01T10:00:00Z",""
"u805@example.test","Ærlig, ""hund""
Østgård","","2026-10-01T10:00:00Z",""
"u806@example.test","Ærlig, ""hund""
Østgård","","2026-10-01T10:00:00Z",""
"u807@example.test","Ærlig, ""hund""
Østgård","","2026-10-01T10:00:00Z",""
"u808@example.test","Ærlig, ""hund""
Østgård","","2026-10-01T10:00:00Z",""
"u809@example.test","Ærlig, ""hund""
Østgård","","2026-10-01T10:00:00Z",""
"u810@example.test","Ærlig, ""hund""
Østgård","","2026-10-01T10:00:00Z",""
"u811@example.test","Ærlig, ""hund""
Østgård","","2026-10-01T10:00:00Z",""
"u812@example.test","Ærlig, ""hund""
Østgård","","2026-10-01T10:00:00Z",""
"u813@example.test","Ærlig, ""hund""
Østgård","","2026-10-01T10:00:00Z",""
"u814@example.test","Ærlig, ""hund""
Østgård","","2026-10-01T10:00:00Z",""
"u815@example.test","Ærlig, ""hund""
Østgård","","2026-10-01T10:00:00Z",""
"u816@example.test","Ærlig, ""hund""
Østgård","","2026-10-01T10:00:00Z",""
"u817@example.test","Ærlig, ""hund""
Østgård","","2026-10-01T10:00:00Z",""
"u818@example.test","Ærlig, ""hund""
Østgård","","2026-10-01T10:00:00Z",""
"u819@example.test","Ærlig, ""hund""
Østgård","","2026-10-01T10:00:00Z",""
"u820@example.test","Ærlig, ""hund""
Østgård","","2026-10-01T10:00:00Z",""
"u821@example.test","Ærlig, ""hund""
Østgård","","2026-10-01T10:00:00Z",""
"u822@example.test","Ærlig, ""hund""
Østgård","","2026-10-01T10:00:00Z",""
"u823@example.test","Ærlig, ""hund""
Østgård","","2026-10-01T10:00:00Z",""
"u824@example.test","Ærlig, ""hund""
Østgård","","2026-10-01T10:00:00Z",""
"u825@example.test","Ærlig, ""hund""
Østgård","","2026-10-01T10:00:00Z",""
"u826@example.test","Ærlig, ""hund""
Østgård","","2026-10-01T10:00:00Z",""
"u827@example.test","Ærlig, ""hund""
Østgård","","2026-10-01T10:00:00Z",""
"u828@example.test","Ærlig, ""hund""
Østgård","","2026-10-01T10:00:00Z",""
"u829@example.test","Ærlig, ""hund""
Østgård","","2026-10-01T10:00:00Z",""
"u830@example.test","Ærlig, ""hund""
Østgård","","2026-10-01T10:00:00Z",""
"u831@example.test","Ærlig, ""hund""
Østgård","","2026-10-01T10:00:00Z",""
"u832@example.test","Ærlig, ""hund""
Østgård","","2026-10-01T10:00:00Z",""
"u833@example.test","Ærlig, ""hund""
Østgård","","2026-10-01T10:00:00Z",""
"u834@example.test","Ærlig, ""hund""
Østgård","","2026-10-01T10:00:00Z",""
"u835@example.test","Ærlig, ""hund""
Østgård","","2026-10-01T10:00:00Z",""
"u836@example.test","Ærlig, ""hund""
Østgård","","2026-10-01T10:00:00Z",""
"u837@example.test","Ærlig, ""hund""
Østgård","","2026-10-01T10:00:00Z",""
"u838@example.test","Ærlig, ""hund""
Østgård","","2026-10-01T10:00:00Z",""
"u839@example.test","Ærlig, ""hund""
Østgård","","2026-10-01T10:00:00Z",""
"u840@example.test","Ærlig, ""hund""
Østgård","","2026-10-01T10:00:00Z",""
"u841@example.test","Ærlig, ""hund""
Østgård","","2026-10-01T10:00:00Z",""
"u842@example.test","Ærlig, ""hund""
Østgård","","2026-10-01T10:00:00Z",""
"u843@example.test","Ærlig, ""hund""
Østgård","","2026-10-01T10:00:00Z",""
"u844@example.test","Ærlig, ""hund""
Østgård","","2026-10-01T10:00:00Z",""
"u845@example.test","Ærlig, ""hund""
Østgård","","2026-10-01T10:00:00Z",""
"u846@example.test","Ærlig, ""hund""
Østgård","","2026-10-01T10:00:00Z",""
"u847@example.test","Ærlig, ""hund""
Østgård","","2026-10-01T10:00:00Z",""
"u848@example.test","Ærlig, ""hund""
Østgård","","2026-10-01T10:00:00Z",""
"u849@example.test","Ærlig, ""hund""
Østgård","","2026-10-01T10:00:00Z",""
"u850@example.test","Ærlig, ""hund""
Østgård","","2026-10-01T10:00:00Z",""
"u851@example.test","Ærlig, ""hund""
Østgård","","2026-10-01T10:00:00Z",""
"u852@example.test","Ærlig, ""hund""
Østgård","","2026-10-01T10:00:00Z",""
"u853@example.test","Ærlig, ""hund""
Østgård","","2026-10-01T10:00:00Z",""
"u854@example.test","Ærlig, ""hund""
Østgård","","2026-10-01T10:00:00Z",""
"u855@example.test","Ærlig, ""hund""
Østgård","","2026-10-01T10:00:00Z",""
"u856@example.test","Ærlig, ""hund""
Østgård","","2026-10-01T10:00:00Z",""
"u857@example.test","Ærlig, ""hund""
Østgård","","2026-10-01T10:00:00Z",""
"u858@example.test","Ærlig, ""hund""
Østgård","","2026-10-01T10:00:00Z",""
"u859@example.test","Ærlig, ""hund""
Østgård","","2026-10-01T10:00:00Z",""
"u860@example.test","Ærlig, ""hund""
Østgård","","2026-10-01T10:00:00Z",""
"u861@example.test","Ærlig, ""hund""
Østgård","","2026-10-01T10:00:00Z",""
"u862@example.test","Ærlig, ""hund""
Østgård","","2026-10-01T10:00:00Z",""
"u863@example.test","Ærlig, ""hund""
Østgård","","2026-10-01T10:00:00Z",""
"u864@example.test","Ærlig, ""hund""
Østgård","","2026-10-01T10:00:00Z",""
"u865@example.test","Ærlig, ""hund""
Østgård","","2026-10-01T10:00:00Z",""
"u866@example.test","Ærlig, ""hund""
Østgård","","2026-10-01T10:00:00Z",""
"u867@example.test","Ærlig, ""hund""
Østgård","","2026-10-01T10:00:00Z",""
"u868@example.test","Ærlig, ""hund""
Østgård","","2026-10-01T10:00:00Z",""
"u869@example.test","Ærlig, ""hund""
Østgård","","2026-10-01T10:00:00Z",""
"u870@example.test","Ærlig, ""hund""
Østgård","","2026-10-01T10:00:00Z",""
"u871@example.test","Ærlig, ""hund""
Østgård","","2026-10-01T10:00:00Z",""
"u872@example.test","Ærlig, ""hund""
Østgård","","2026-10-01T10:00:00Z",""
"u873@example.test","Ærlig, ""hund""
Østgård","","2026-10-01T10:00:00Z",""
"u874@example.test","Ærlig, ""hund""
Østgård","","2026-10-01T10:00:00Z",""
"u875@example.test","Ærlig, ""hund""
Østgård","","2026-10-01T10:00:00Z",""
"u876@example.test","Ærlig, ""hund""
Østgård","","2026-10-01T10:00:00Z",""
"u877@example.test","Ærlig, ""hund""
Østgård","","2026-10-01T10:00:00Z",""
"u878@example.test","Ærlig, ""hund""
Østgård","","2026-10-01T10:00:00Z",""
"u879@example.test","Ærlig, ""hund""
Østgård","","2026-10-01T10:00:00Z",""
"u880@example.test","Ærlig, ""hund""
Østgård","","2026-10-01T10:00:00Z",""
"u881@example.test","Ærlig, ""hund""
Østgård","","2026-10-01T10:00:00Z",""
"u882@example.test","Ærlig, ""hund""
Østgård","","2026-10-01T10:00:00Z",""
"u883@example.test","Ærlig, ""hund""
Østgård","","2026-10-01T10:00:00Z",""
"u884@example.test","Ærlig, ""hund""
Østgård","","2026-10-01T10:00:00Z",""
"u885@example.test","Ærlig, ""hund""
Østgård","","2026-10-01T10:00:00Z",""
"u886@example.test","Ærlig, ""hund""
Østgård","","2026-10-01T10:00:00Z",""
"u887@example.test","Ærlig, ""hund""
Østgård","","2026-10-01T10:00:00Z",""
"u888@example.test","Ærlig, ""hund""
Østgård","","2026-10-01T10:00:00Z",""
"u889@example.test","Ærlig, ""hund""
Østgård","","2026-10-01T10:00:00Z",""
"u890@example.test","Ærlig, ""hund""
Østgård","","2026-10-01T10:00:00Z",""
"u891@example.test","Ærlig, ""hund""
Østgård","","2026-10-01T10:00:00Z",""
"u892@example.test","Ærlig, ""hund""
Østgård","","2026-10-01T10:00:00Z",""
"u893@example.test","Ærlig, ""hund""
Østgård","","2026-10-01T10:00:00Z",""
"u894@example.test","Ærlig, ""hund""
Østgård","","2026-10-01T10:00:00Z",""
"u895@example.test","Ærlig, ""hund""
Østgård","","2026-10-01T10:00:00Z",""
"u896@example.test","Ærlig, ""hund""
Østgård","","2026-10-01T10:00:00Z",""
"u897@example.test","Ærlig, ""hund""
Østgård","","2026-10-01T10:00:00Z",""
"u898@example.test","Ærlig, ""hund""
Østgård","","2026-10-01T10:00:00Z",""
"u899@example.test","Ærlig, ""hund""
Østgård","","2026-10-01T10:00:00Z",""
"u900@example.test","Ærlig, ""hund""
Østgård","","2026-10-01T10:00:00Z",""
"u901@example.test","Ærlig, ""hund""
Østgård","","2026-10-01T10:00:00Z",""
"u902@example.test","Ærlig, ""hund""
Østgård","","2026-10-01T10:00:00Z",""
"u903@example.test","Ærlig, ""hund""
Østgård","","2026-10-01T10:00:00Z",""
"u904@example.test","Ærlig, ""hund""
Østgård","","2026-10-01T10:00:00Z",""
"u905@example.test","Ærlig, ""hund""
Østgård","","2026-10-01T10:00:00Z",""
"u906@example.test","Ærlig, ""hund""
Østgård","","2026-10-01T10:00:00Z",""
"u907@example.test","Ærlig, ""hund""
Østgård","","2026-10-01T10:00:00Z",""
"u908@example.test","Ærlig, ""hund""
Østgård","","2026-10-01T10:00:00Z",""
"u909@example.test","Ærlig, ""hund""
Østgård","","2026-10-01T10:00:00Z",""
"u910@example.test","Ærlig, ""hund""
Østgård","","2026-10-01T10:00:00Z",""
"u911@example.test","Ærlig, ""hund""
Østgård","","2026-10-01T10:00:00Z",""
"u912@example.test","Ærlig, ""hund""
Østgård","","2026-10-01T10:00:00Z",""
"u913@example.test","Ærlig, ""hund""
Østgård","","2026-10-01T10:00:00Z",""
"u914@example.test","Ærlig, ""hund""
Østgård","","2026-10-01T10:00:00Z",""
"u915@example.test","Ærlig, ""hund""
Østgård","","2026-10-01T10:00:00Z",""
"u916@example.test","Ærlig, ""hund""
Østgård","","2026-10-01T10:00:00Z",""
"u917@example.test","Ærlig, ""hund""
Østgård","","2026-10-01T10:00:00Z",""
"u918@example.test","Ærlig, ""hund""
Østgård","","2026-10-01T10:00:00Z",""
"u919@example.test","Ærlig, ""hund""
Østgård","","2026-10-01T10:00:00Z",""
"u920@example.test","Ærlig, ""hund""
Østgård","","2026-10-01T10:00:00Z",""
"u921@example.test","Ærlig, ""hund""
Østgård","","2026-10-01T10:00:00Z",""
"u922@example.test","Ærlig, ""hund""
Østgård","","2026-10-01T10:00:00Z",""
"u923@example.test","Ærlig, ""hund""
Østgård","","2026-10-01T10:00:00Z",""
"u924@example.test","Ærlig, ""hund""
Østgård","","2026-10-01T10:00:00Z",""
"u925@example.test","Ærlig, ""hund""
Østgård","","2026-10-01T10:00:00Z",""
"u926@example.test","Ærlig, ""hund""
Østgård","","2026-10-01T10:00:00Z",""
"u927@example.test","Ærlig, ""hund""
Østgård","","2026-10-01T10:00:00Z",""
"u928@example.test","Ærlig, ""hund""
Østgård","","2026-10-01T10:00:00Z",""
"u929@example.test","Ærlig, ""hund""
Østgård","","2026-10-01T10:00:00Z",""
"u930@example.test","Ærlig, ""hund""
Østgård","","2026-10-01T10:00:00Z",""
"u931@example.test","Ærlig, ""hund""
Østgård","","2026-10-01T10:00:00Z",""
"u932@example.test","Ærlig, ""hund""
Østgård","","2026-10-01T10:00:00Z",""
"u933@example.test","Ærlig, ""hund""
Østgård","","2026-10-01T10:00:00Z",""
"u934@example.test","Ærlig, ""hund""
Østgård","","2026-10-01T10:00:00Z",""
"u935@example.test","Ærlig, ""hund""
Østgård","","2026-10-01T10:00:00Z",""
"u936@example.test","Ærlig, ""hund""
Østgård","","2026-10-01T10:00:00Z",""
"u937@example.test","Ærlig, ""hund""
Østgård","","2026-10-01T10:00:00Z",""
"u938@example.test","Ærlig, ""hund""
Østgård","","2026-10-01T10:00:00Z",""
"u939@example.test","Ærlig, ""hund""
Østgård","","2026-10-01T10:00:00Z",""
"u940@example.test","Ærlig, ""hund""
Østgård","","2026-10-01T10:00:00Z",""
"u941@example.test","Ærlig, ""hund""
Østgård","","2026-10-01T10:00:00Z",""
"u942@example.test","Ærlig, ""hund""
Østgård","","2026-10-01T10:00:00Z",""
"u943@example.test","Ærlig, ""hund""
Østgård","","2026-10-01T10:00:00Z",""
"u944@example.test","Ærlig, ""hund""
Østgård","","2026-10-01T10:00:00Z",""
"u945@example.test","Ærlig, ""hund""
Østgård","","2026-10-01T10:00:00Z",""
"u946@example.test","Ærlig, ""hund""
Østgård","","2026-10-01T10:00:00Z",""
"u947@example.test","Ærlig, ""hund""
Østgård","","2026-10-01T10:00:00Z",""
"u948@example.test","Ærlig, ""hund""
Østgård","","2026-10-01T10:00:00Z",""
"u949@example.test","Ærlig, ""hund""
Østgård","","2026-10-01T10:00:00Z",""
"u950@example.test","Ærlig, ""hund""
Østgård","","2026-10-01T10:00:00Z",""
"u951@example.test","Ærlig, ""hund""
Østgård","","2026-10-01T10:00:00Z",""
"u952@example.test","Ærlig, ""hund""
Østgård","","2026-10-01T10:00:00Z",""
"u953@example.test","Ærlig, ""hund""
Østgård","","2026-10-01T10:00:00Z",""
"u954@example.test","Ærlig, ""hund""
Østgård","","2026-10-01T10:00:00Z",""
"u955@example.test","Ærlig, ""hund""
Østgård","","2026-10-01T10:00:00Z",""
"u956@example.test","Ærlig, ""hund""
Østgård","","2026-10-01T10:00:00Z",""
"u957@example.test","Ærlig, ""hund""
Østgård","","2026-10-01T10:00:00Z",""
"u958@example.test","Ærlig, ""hund""
Østgård","","2026-10-01T10:00:00Z",""
"u959@example.test","Ærlig, ""hund""
Østgård","","2026-10-01T10:00:00Z",""
"u960@example.test","Ærlig, ""hund""
Østgård","","2026-10-01T10:00:00Z",""
"u961@example.test","Ærlig, ""hund""
Østgård","","2026-10-01T10:00:00Z",""
"u962@example.test","Ærlig, ""hund""
Østgård","","2026-10-01T10:00:00Z",""
"u963@example.test","Ærlig, ""hund""
Østgård","","2026-10-01T10:00:00Z",""
"u964@example.test","Ærlig, ""hund""
Østgård","","2026-10-01T10:00:00Z",""
"u965@example.test","Ærlig, ""hund""
Østgård","","2026-10-01T10:00:00Z",""
"u966@example.test","Ærlig, ""hund""
Østgård","","2026-10-01T10:00:00Z",""
"u967@example.test","Ærlig, ""hund""
Østgård","","2026-10-01T10:00:00Z",""
"u968@example.test","Ærlig, ""hund""
Østgård","","2026-10-01T10:00:00Z",""
"u969@example.test","Ærlig, ""hund""
Østgård","","2026-10-01T10:00:00Z",""
"u970@example.test","Ærlig, ""hund""
Østgård","","2026-10-01T10:00:00Z",""
"u971@example.test","Ærlig, ""hund""
Østgård","","2026-10-01T10:00:00Z",""
"u972@example.test","Ærlig, ""hund""
Østgård","","2026-10-01T10:00:00Z",""
"u973@example.test","Ærlig, ""hund""
Østgård","","2026-10-01T10:00:00Z",""
"u974@example.test","Ærlig, ""hund""
Østgård","","2026-10-01T10:00:00Z",""
"u975@example.test","Ærlig, ""hund""
Østgård","","2026-10-01T10:00:00Z",""
"u976@example.test","Ærlig, ""hund""
Østgård","","2026-10-01T10:00:00Z",""
"u977@example.test","Ærlig, ""hund""
Østgård","","2026-10-01T10:00:00Z",""
"u978@example.test","Ærlig, ""hund""
Østgård","","2026-10-01T10:00:00Z",""
"u979@example.test","Ærlig, ""hund""
Østgård","","2026-10-01T10:00:00Z",""
"u980@example.test","Ærlig, ""hund""
Østgård","","2026-10-01T10:00:00Z",""
"u981@example.test","Ærlig, ""hund""
Østgård","","2026-10-01T10:00:00Z",""
"u982@example.test","Ærlig, ""hund""
Østgård","","2026-10-01T10:00:00Z",""
"u983@example.test","Ærlig, ""hund""
Østgård","","2026-10-01T10:00:00Z",""
"u984@example.test","Ærlig, ""hund""
Østgård","","2026-10-01T10:00:00Z",""
"u985@example.test","Ærlig, ""hund""
Østgård","","2026-10-01T10:00:00Z",""
"u986@example.test","Ærlig, ""hund""
Østgård","","2026-10-01T10:00:00Z",""
"u987@example.test","Ærlig, ""hund""
Østgård","","2026-10-01T10:00:00Z",""
"u988@example.test","Ærlig, ""hund""
Østgård","","2026-10-01T10:00:00Z",""
"u989@example.test","Ærlig, ""hund""
Østgård","","2026-10-01T10:00:00Z",""
"u990@example.test","Ærlig, ""hund""
Østgård","","2026-10-01T10:00:00Z",""
"u991@example.test","Ærlig, ""hund""
Østgård","","2026-10-01T10:00:00Z",""
"u992@example.test","Ærlig, ""hund""
Østgård","","2026-10-01T10:00:00Z",""
"u993@example.test","Ærlig, ""hund""
Østgård","","2026-10-01T10:00:00Z",""
"u994@example.test","Ærlig, ""hund""
Østgård","","2026-10-01T10:00:00Z",""
"u995@example.test","Ærlig, ""hund""
Østgård","","2026-10-01T10:00:00Z",""
"u996@example.test","Ærlig, ""hund""
Østgård","","2026-10-01T10:00:00Z",""
"u997@example.test","Ærlig, ""hund""
Østgård","","2026-10-01T10:00:00Z",""
"u998@example.test","Ærlig, ""hund""
Østgård","","2026-10-01T10:00:00Z",""
"u999@example.test","Ærlig, ""hund""
Østgård","","2026-10-01T10:00:00Z",""
"u1000@example.test","Ærlig, ""hund""
Østgård","","2026-10-01T10:00:00Z",""
"u1001@example.test","Ærlig, ""hund""
Østgård","","2026-10-01T10:00:00Z",""
"u1002@example.test","Ærlig, ""hund""
Østgård","","2026-10-01T10:00:00Z",""
"u1003@example.test","Ærlig, ""hund""
Østgård","","2026-10-01T10:00:00Z",""
"u1004@example.test","Ærlig, ""hund""
Østgård","","2026-10-01T10:00:00Z",""
"u1005@example.test","Ærlig, ""hund""
Østgård","","2026-10-01T10:00:00Z",""
"u1006@example.test","Ærlig, ""hund""
Østgård","","2026-10-01T10:00:00Z",""
"u1007@example.test","Ærlig, ""hund""
Østgård","","2026-10-01T10:00:00Z",""
"u1008@example.test","Ærlig, ""hund""
Østgård","","2026-10-01T10:00:00Z",""
"u1009@example.test","Ærlig, ""hund""
Østgård","","2026-10-01T10:00:00Z",""
"u1010@example.test","Ærlig, ""hund""
Østgård","","2026-10-01T10:00:00Z",""
"u1011@example.test","Ærlig, ""hund""
Østgård","","2026-10-01T10:00:00Z",""
"u1012@example.test","Ærlig, ""hund""
Østgård","","2026-10-01T10:00:00Z",""
"u1013@example.test","Ærlig, ""hund""
Østgård","","2026-10-01T10:00:00Z",""
"u1014@example.test","Ærlig, ""hund""
Østgård","","2026-10-01T10:00:00Z",""
"u1015@example.test","Ærlig, ""hund""
Østgård","","2026-10-01T10:00:00Z",""
"u1016@example.test","Ærlig, ""hund""
Østgård","","2026-10-01T10:00:00Z",""
"u1017@example.test","Ærlig, ""hund""
Østgård","","2026-10-01T10:00:00Z",""
"u1018@example.test","Ærlig, ""hund""
Østgård","","2026-10-01T10:00:00Z",""
"u1019@example.test","Ærlig, ""hund""
Østgård","","2026-10-01T10:00:00Z",""
"u1020@example.test","Ærlig, ""hund""
Østgård","","2026-10-01T10:00:00Z",""
"u1021@example.test","Ærlig, ""hund""
Østgård","","2026-10-01T10:00:00Z",""
"u1022@example.test","Ærlig, ""hund""
Østgård","","2026-10-01T10:00:00Z",""
"u1023@example.test","Ærlig, ""hund""
Østgård","","2026-10-01T10:00:00Z",""
"u1024@example.test","Ærlig, ""hund""
Østgård","","2026-10-01T10:00:00Z",""
"u1025@example.test","Ærlig, ""hund""
Østgård","","2026-10-01T10:00:00Z",""
"u1026@example.test","Ærlig, ""hund""
Østgård","","2026-10-01T10:00:00Z",""
"u1027@example.test","Ærlig, ""hund""
Østgård","","2026-10-01T10:00:00Z",""
"u1028@example.test","Ærlig, ""hund""
Østgård","","2026-10-01T10:00:00Z",""
"u1029@example.test","Ærlig, ""hund""
Østgård","","2026-10-01T10:00:00Z",""
"u1030@example.test","Ærlig, ""hund""
Østgård","","2026-10-01T10:00:00Z",""
"u1031@example.test","Ærlig, ""hund""
Østgård","","2026-10-01T10:00:00Z",""
"u1032@example.test","Ærlig, ""hund""
Østgård","","2026-10-01T10:00:00Z",""
"u1033@example.test","Ærlig, ""hund""
Østgård","","2026-10-01T10:00:00Z",""
"u1034@example.test","Ærlig, ""hund""
Østgård","","2026-10-01T10:00:00Z",""
"u1035@example.test","Ærlig, ""hund""
Østgård","","2026-10-01T10:00:00Z",""
"u1036@example.test","Ærlig, ""hund""
Østgård","","2026-10-01T10:00:00Z",""
"u1037@example.test","Ærlig, ""hund""
Østgård","","2026-10-01T10:00:00Z",""
"u1038@example.test","Ærlig, ""hund""
Østgård","","2026-10-01T10:00:00Z",""
"u1039@example.test","Ærlig, ""hund""
Østgård","","2026-10-01T10:00:00Z",""
"u1040@example.test","Ærlig, ""hund""
Østgård","","2026-10-01T10:00:00Z",""
"u1041@example.test","Ærlig, ""hund""
Østgård","","2026-10-01T10:00:00Z",""
"u1042@example.test","Ærlig, ""hund""
Østgård","","2026-10-01T10:00:00Z",""
"u1043@example.test","Ærlig, ""hund""
Østgård","","2026-10-01T10:00:00Z",""
"u1044@example.test","Ærlig, ""hund""
Østgård","","2026-10-01T10:00:00Z",""
"u1045@example.test","Ærlig, ""hund""
Østgård","","2026-10-01T10:00:00Z",""
"u1046@example.test","Ærlig, ""hund""
Østgård","","2026-10-01T10:00:00Z",""
"u1047@example.test","Ærlig, ""hund""
Østgård","","2026-10-01T10:00:00Z",""
"u1048@example.test","Ærlig, ""hund""
Østgård","","2026-10-01T10:00:00Z",""
"u1049@example.test","Ærlig, ""hund""
Østgård","","2026-10-01T10:00:00Z",""
"u1050@example.test","Ærlig, ""hund""
Østgård","","2026-10-01T10:00:00Z",""
"u1051@example.test","Ærlig, ""hund""
Østgård","","2026-10-01T10:00:00Z",""
"u1052@example.test","Ærlig, ""hund""
Østgård","","2026-10-01T10:00:00Z",""
"u1053@example.test","Ærlig, ""hund""
Østgård","","2026-10-01T10:00:00Z",""
"u1054@example.test","Ærlig, ""hund""
Østgård","","2026-10-01T10:00:00Z",""
"u1055@example.test","Ærlig, ""hund""
Østgård","","2026-10-01T10:00:00Z",""
"u1056@example.test","Ærlig, ""hund""
Østgård","","2026-10-01T10:00:00Z",""
"u1057@example.test","Ærlig, ""hund""
Østgård","","2026-10-01T10:00:00Z",""
"u1058@example.test","Ærlig, ""hund""
Østgård","","2026-10-01T10:00:00Z",""
"u1059@example.test","Ærlig, ""hund""
Østgård","","2026-10-01T10:00:00Z",""
"u1060@example.test","Ærlig, ""hund""
Østgård","","2026-10-01T10:00:00Z",""
"u1061@example.test","Ærlig, ""hund""
Østgård","","2026-10-01T10:00:00Z",""
"u1062@example.test","Ærlig, ""hund""
Østgård","","2026-10-01T10:00:00Z",""
"u1063@example.test","Ærlig, ""hund""
Østgård","","2026-10-01T10:00:00Z",""
"u1064@example.test","Ærlig, ""hund""
Østgård","","2026-10-01T10:00:00Z",""
"u1065@example.test","Ærlig, ""hund""
Østgård","","2026-10-01T10:00:00Z",""
"u1066@example.test","Ærlig, ""hund""
Østgård","","2026-10-01T10:00:00Z",""
"u1067@example.test","Ærlig, ""hund""
Østgård","","2026-10-01T10:00:00Z",""
"u1068@example.test","Ærlig, ""hund""
Østgård","","2026-10-01T10:00:00Z",""
"u1069@example.test","Ærlig, ""hund""
Østgård","","2026-10-01T10:00:00Z",""
"u1070@example.test","Ærlig, ""hund""
Østgård","","2026-10-01T10:00:00Z",""
"u1071@example.test","Ærlig, ""hund""
Østgård","","2026-10-01T10:00:00Z",""
"u1072@example.test","Ærlig, ""hund""
Østgård","","2026-10-01T10:00:00Z",""
"u1073@example.test","Ærlig, ""hund""
Østgård","","2026-10-01T10:00:00Z",""
"u1074@example.test","Ærlig, ""hund""
Østgård","","2026-10-01T10:00:00Z",""
"u1075@example.test","Ærlig, ""hund""
Østgård","","2026-10-01T10:00:00Z",""
"u1076@example.test","Ærlig, ""hund""
Østgård","","2026-10-01T10:00:00Z",""
"u1077@example.test","Ærlig, ""hund""
Østgård","","2026-10-01T10:00:00Z",""
"u1078@example.test","Ærlig, ""hund""
Østgård","","2026-10-01T10:00:00Z",""
"u1079@example.test","Ærlig, ""hund""
Østgård","","2026-10-01T10:00:00Z",""
"u1080@example.test","Ærlig, ""hund""
Østgård","","2026-10-01T10:00:00Z",""
"u1081@example.test","Ærlig, ""hund""
Østgård","","2026-10-01T10:00:00Z",""
"u1082@example.test","Ærlig, ""hund""
Østgård","","2026-10-01T10:00:00Z",""
"u1083@example.test","Ærlig, ""hund""
Østgård","","2026-10-01T10:00:00Z",""
"u1084@example.test","Ærlig, ""hund""
Østgård","","2026-10-01T10:00:00Z",""
"u1085@example.test","Ærlig, ""hund""
Østgård","","2026-10-01T10:00:00Z",""
"u1086@example.test","Ærlig, ""hund""
Østgård","","2026-10-01T10:00:00Z",""
"u1087@example.test","Ærlig, ""hund""
Østgård","","2026-10-01T10:00:00Z",""
"u1088@example.test","Ærlig, ""hund""
Østgård","","2026-10-01T10:00:00Z",""
"u1089@example.test","Ærlig, ""hund""
Østgård","","2026-10-01T10:00:00Z",""
"u1090@example.test","Ærlig, ""hund""
Østgård","","2026-10-01T10:00:00Z",""
"u1091@example.test","Ærlig, ""hund""
Østgård","","2026-10-01T10:00:00Z",""
"u1092@example.test","Ærlig, ""hund""
Østgård","","2026-10-01T10:00:00Z",""
"u1093@example.test","Ærlig, ""hund""
Østgård","","2026-10-01T10:00:00Z",""
"u1094@example.test","Ærlig, ""hund""
Østgård","","2026-10-01T10:00:00Z",""
"u1095@example.test","Ærlig, ""hund""
Østgård","","2026-10-01T10:00:00Z",""
"u1096@example.test","Ærlig, ""hund""
Østgård","","2026-10-01T10:00:00Z",""
"u1097@example.test","Ærlig, ""hund""
Østgård","","2026-10-01T10:00:00Z",""
"u1098@example.test","Ærlig, ""hund""
Østgård","","2026-10-01T10:00:00Z",""
"u1099@example.test","Ærlig, ""hund""
Østgård","","2026-10-01T10:00:00Z",""
"u1100@example.test","Ærlig, ""hund""
Østgård","","2026-10-01T10:00:00Z",""
"u1101@example.test","Ærlig, ""hund""
Østgård","","2026-10-01T10:00:00Z",""
"u1102@example.test","Ærlig, ""hund""
Østgård","","2026-10-01T10:00:00Z",""
"u1103@example.test","Ærlig, ""hund""
Østgård","","2026-10-01T10:00:00Z",""
"u1104@example.test","Ærlig, ""hund""
Østgård","","2026-10-01T10:00:00Z",""
"u1105@example.test","Ærlig, ""hund""
Østgård","","2026-10-01T10:00:00Z",""
"u1106@example.test","Ærlig, ""hund""
Østgård","","2026-10-01T10:00:00Z",""
"u1107@example.test","Ærlig, ""hund""
Østgård","","2026-10-01T10:00:00Z",""
"u1108@example.test","Ærlig, ""hund""
Østgård","","2026-10-01T10:00:00Z",""
"u1109@example.test","Ærlig, ""hund""
Østgård","","2026-10-01T10:00:00Z",""
"u1110@example.test","Ærlig, ""hund""
Østgård","","2026-10-01T10:00:00Z",""
"u1111@example.test","Ærlig, ""hund""
Østgård","","2026-10-01T10:00:00Z",""
"u1112@example.test","Ærlig, ""hund""
Østgård","","2026-10-01T10:00:00Z",""
"u1113@example.test","Ærlig, ""hund""
Østgård","","2026-10-01T10:00:00Z",""
"u1114@example.test","Ærlig, ""hund""
Østgård","","2026-10-01T10:00:00Z",""
"u1115@example.test","Ærlig, ""hund""
Østgård","","2026-10-01T10:00:00Z",""
"u1116@example.test","Ærlig, ""hund""
Østgård","","2026-10-01T10:00:00Z",""
"u1117@example.test","Ærlig, ""hund""
Østgård","","2026-10-01T10:00:00Z",""
"u1118@example.test","Ærlig, ""hund""
Østgård","","2026-10-01T10:00:00Z",""
"u1119@example.test","Ærlig, ""hund""
Østgård","","2026-10-01T10:00:00Z",""
"u1120@example.test","Ærlig, ""hund""
Østgård","","2026-10-01T10:00:00Z",""
"u1121@example.test","Ærlig, ""hund""
Østgård","","2026-10-01T10:00:00Z",""
"u1122@example.test","Ærlig, ""hund""
Østgård","","2026-10-01T10:00:00Z",""
"u1123@example.test","Ærlig, ""hund""
Østgård","","2026-10-01T10:00:00Z",""
"u1124@example.test","Ærlig, ""hund""
Østgård","","2026-10-01T10:00:00Z",""
"u1125@example.test","Ærlig, ""hund""
Østgård","","2026-10-01T10:00:00Z",""
"u1126@example.test","Ærlig, ""hund""
Østgård","","2026-10-01T10:00:00Z",""
"u1127@example.test","Ærlig, ""hund""
Østgård","","2026-10-01T10:00:00Z",""
"u1128@example.test","Ærlig, ""hund""
Østgård","","2026-10-01T10:00:00Z",""
"u1129@example.test","Ærlig, ""hund""
Østgård","","2026-10-01T10:00:00Z",""
"u1130@example.test","Ærlig, ""hund""
Østgård","","2026-10-01T10:00:00Z",""
"u1131@example.test","Ærlig, ""hund""
Østgård","","2026-10-01T10:00:00Z",""
"u1132@example.test","Ærlig, ""hund""
Østgård","","2026-10-01T10:00:00Z",""
"u1133@example.test","Ærlig, ""hund""
Østgård","","2026-10-01T10:00:00Z",""
"u1134@example.test","Ærlig, ""hund""
Østgård","","2026-10-01T10:00:00Z",""
"u1135@example.test","Ærlig, ""hund""
Østgård","","2026-10-01T10:00:00Z",""
"u1136@example.test","Ærlig, ""hund""
Østgård","","2026-10-01T10:00:00Z",""
"u1137@example.test","Ærlig, ""hund""
Østgård","","2026-10-01T10:00:00Z",""
"u1138@example.test","Ærlig, ""hund""
Østgård","","2026-10-01T10:00:00Z",""
"u1139@example.test","Ærlig, ""hund""
Østgård","","2026-10-01T10:00:00Z",""
"u1140@example.test","Ærlig, ""hund""
Østgård","","2026-10-01T10:00:00Z",""
"u1141@example.test","Ærlig, ""hund""
Østgård","","2026-10-01T10:00:00Z",""
"u1142@example.test","Ærlig, ""hund""
Østgård","","2026-10-01T10:00:00Z",""
"u1143@example.test","Ærlig, ""hund""
Østgård","","2026-10-01T10:00:00Z",""
"u1144@example.test","Ærlig, ""hund""
Østgård","","2026-10-01T10:00:00Z",""
"u1145@example.test","Ærlig, ""hund""
Østgård","","2026-10-01T10:00:00Z",""
"u1146@example.test","Ærlig, ""hund""
Østgård","","2026-10-01T10:00:00Z",""
"u1147@example.test","Ærlig, ""hund""
Østgård","","2026-10-01T10:00:00Z",""
"u1148@example.test","Ærlig, ""hund""
Østgård","","2026-10-01T10:00:00Z",""
"u1149@example.test","Ærlig, ""hund""
Østgård","","2026-10-01T10:00:00Z",""
"u1150@example.test","Ærlig, ""hund""
Østgård","","2026-10-01T10:00:00Z",""
"u1151@example.test","Ærlig, ""hund""
Østgård","","2026-10-01T10:00:00Z",""
"u1152@example.test","Ærlig, ""hund""
Østgård","","2026-10-01T10:00:00Z",""
"u1153@example.test","Ærlig, ""hund""
Østgård","","2026-10-01T10:00:00Z",""
"u1154@example.test","Ærlig, ""hund""
Østgård","","2026-10-01T10:00:00Z",""
"u1155@example.test","Ærlig, ""hund""
Østgård","","2026-10-01T10:00:00Z",""
"u1156@example.test","Ærlig, ""hund""
Østgård","","2026-10-01T10:00:00Z",""
"u1157@example.test","Ærlig, ""hund""
Østgård","","2026-10-01T10:00:00Z",""
"u1158@example.test","Ærlig, ""hund""
Østgård","","2026-10-01T10:00:00Z",""
"u1159@example.test","Ærlig, ""hund""
Østgård","","2026-10-01T10:00:00Z",""
"u1160@example.test","Ærlig, ""hund""
Østgård","","2026-10-01T10:00:00Z",""
"u1161@example.test","Ærlig, ""hund""
Østgård","","2026-10-01T10:00:00Z",""
"u1162@example.test","Ærlig, ""hund""
Østgård","","2026-10-01T10:00:00Z",""
"u1163@example.test","Ærlig, ""hund""
Østgård","","2026-10-01T10:00:00Z",""
"u1164@example.test","Ærlig, ""hund""
Østgård","","2026-10-01T10:00:00Z",""
"u1165@example.test","Ærlig, ""hund""
Østgård","","2026-10-01T10:00:00Z",""
"u1166@example.test","Ærlig, ""hund""
Østgård","","2026-10-01T10:00:00Z",""
"u1167@example.test","Ærlig, ""hund""
Østgård","","2026-10-01T10:00:00Z",""
"u1168@example.test","Ærlig, ""hund""
Østgård","","2026-10-01T10:00:00Z",""
"u1169@example.test","Ærlig, ""hund""
Østgård","","2026-10-01T10:00:00Z",""
"u1170@example.test","Ærlig, ""hund""
Østgård","","2026-10-01T10:00:00Z",""
"u1171@example.test","Ærlig, ""hund""
Østgård","","2026-10-01T10:00:00Z",""
"u1172@example.test","Ærlig, ""hund""
Østgård","","2026-10-01T10:00:00Z",""
"u1173@example.test","Ærlig, ""hund""
Østgård","","2026-10-01T10:00:00Z",""
"u1174@example.test","Ærlig, ""hund""
Østgård","","2026-10-01T10:00:00Z",""
"u1175@example.test","Ærlig, ""hund""
Østgård","","2026-10-01T10:00:00Z",""
"u1176@example.test","Ærlig, ""hund""
Østgård","","2026-10-01T10:00:00Z",""
"u1177@example.test","Ærlig, ""hund""
Østgård","","2026-10-01T10:00:00Z",""
"u1178@example.test","Ærlig, ""hund""
Østgård","","2026-10-01T10:00:00Z",""
"u1179@example.test","Ærlig, ""hund""
Østgård","","2026-10-01T10:00:00Z",""
"u1180@example.test","Ærlig, ""hund""
Østgård","","2026-10-01T10:00:00Z",""
"u1181@example.test","Ærlig, ""hund""
Østgård","","2026-10-01T10:00:00Z",""
"u1182@example.test","Ærlig, ""hund""
Østgård","","2026-10-01T10:00:00Z",""
"u1183@example.test","Ærlig, ""hund""
Østgård","","2026-10-01T10:00:00Z",""
"u1184@example.test","Ærlig, ""hund""
Østgård","","2026-10-01T10:00:00Z",""
"u1185@example.test","Ærlig, ""hund""
Østgård","","2026-10-01T10:00:00Z",""
"u1186@example.test","Ærlig, ""hund""
Østgård","","2026-10-01T10:00:00Z",""
"u1187@example.test","Ærlig, ""hund""
Østgård","","2026-10-01T10:00:00Z",""
"u1188@example.test","Ærlig, ""hund""
Østgård","","2026-10-01T10:00:00Z",""
"u1189@example.test","Ærlig, ""hund""
Østgård","","2026-10-01T10:00:00Z",""
"u1190@example.test","Ærlig, ""hund""
Østgård","","2026-10-01T10:00:00Z",""
"u1191@example.test","Ærlig, ""hund""
Østgård","","2026-10-01T10:00:00Z",""
"u1192@example.test","Ærlig, ""hund""
Østgård","","2026-10-01T10:00:00Z",""
"u1193@example.test","Ærlig, ""hund""
Østgård","","2026-10-01T10:00:00Z",""
"u1194@example.test","Ærlig, ""hund""
Østgård","","2026-10-01T10:00:00Z",""
"u1195@example.test","Ærlig, ""hund""
Østgård","","2026-10-01T10:00:00Z",""
"u1196@example.test","Ærlig, ""hund""
Østgård","","2026-10-01T10:00:00Z",""
"u1197@example.test","Ærlig, ""hund""
Østgård","","2026-10-01T10:00:00Z",""
"u1198@example.test","Ærlig, ""hund""
Østgård","","2026-10-01T10:00:00Z",""
"u1199@example.test","Ærlig, ""hund""
Østgård","","2026-10-01T10:00:00Z",""
"u1200@example.test","Ærlig, ""hund""
Østgård","","2026-10-01T10:00:00Z",""
